;assay_id;cell_line;filename;PXD_accession;Protein_count;pool_id;comments
0;30960;Hep3B;3B10-1;PXD000533;997;1;
1;30961;Hep3B;3B10-2;PXD000533;1013;2;
2;30962;Hep3B;3B1-1;PXD000533;1081;1;
3;30963;Hep3B;3B11-1;PXD000533;1060;1;
4;30964;Hep3B;3B11-2;PXD000533;1025;2;
5;30965;Hep3B;3B1-2;PXD000533;1049;2;
6;30966;Hep3B;3B12-1;PXD000533;1061;1;
7;30967;Hep3B;3B12-2;PXD000533;1026;2;
8;30968;Hep3B;3B13-1;PXD000533;1170;1;
9;30969;Hep3B;3B13-2;PXD000533;1211;2;
10;30970;Hep3B;3B14-1;PXD000533;1276;1;
11;30971;Hep3B;3B14-2;PXD000533;1298;2;
12;30972;Hep3B;3B15-1;PXD000533;1267;1;
13;30973;Hep3B;3B15-2;PXD000533;1301;2;
14;30974;Hep3B;3B16-1;PXD000533;1261;1;
15;30975;Hep3B;3B16-2;PXD000533;1242;2;
16;30976;Hep3B;3B17-1;PXD000533;1239;1;
17;30977;Hep3B;3B17-2;PXD000533;1236;2;
18;30978;Hep3B;3B18-1;PXD000533;1242;1;
19;30979;Hep3B;3B18-2;PXD000533;1249;2;
20;30980;Hep3B;3B19-1;PXD000533;1261;1;
21;30981;Hep3B;3B19-2;PXD000533;1298;2;
22;30982;Hep3B;3B20-1;PXD000533;1252;1;
23;30983;Hep3B;3B20-2;PXD000533;1242;2;
24;30984;Hep3B;3B2-1;PXD000533;1118;1;
25;30985;Hep3B;3B21-1;PXD000533;1178;1;
26;30986;Hep3B;3B21-2;PXD000533;1147;2;
27;30987;Hep3B;3B2-2;PXD000533;1103;2;
28;30988;Hep3B;3B22-1;PXD000533;1068;1;
29;30989;Hep3B;3B22-2;PXD000533;1041;2;
30;30990;Hep3B;3B23-1;PXD000533;1024;1;
31;30991;Hep3B;3B23-2;PXD000533;1034;2;
32;30992;Hep3B;3B24-1;PXD000533;1001;1;
33;30993;Hep3B;3B24-2;PXD000533;993;2;
34;30994;Hep3B;3B3-1;PXD000533;1103;1;
35;30995;Hep3B;3B3-2;PXD000533;1086;2;
36;30996;Hep3B;3B4-1;PXD000533;1145;1;
37;30997;Hep3B;3B4-2;PXD000533;1033;2;
38;30998;Hep3B;3B5-1;PXD000533;1098;1;
39;30999;Hep3B;3B5-2;PXD000533;1184;2;
40;31000;Hep3B;3B6-1;PXD000533;1136;1;
41;31001;Hep3B;3B6-2;PXD000533;1126;2;
42;31002;Hep3B;3B7-1;PXD000533;923;1;
43;31003;Hep3B;3B7-2;PXD000533;927;2;
44;31004;Hep3B;3B8-1;PXD000533;1051;1;
45;31005;Hep3B;3B8-2;PXD000533;1070;2;
46;31006;Hep3B;3B9-1;PXD000533;1101;1;
47;31007;Hep3B;3B9-2;PXD000533;1076;2;
48;31008;MHCC97;H10-1;PXD000533;1041;3;
49;31009;MHCC97;H10-2;PXD000533;1061;4;
50;31010;MHCC97;H1-1;PXD000533;1020;3;
51;31011;MHCC97;H11-1;PXD000533;992;3;
52;31012;MHCC97;H11-2;PXD000533;966;4;
53;31013;MHCC97;H1-2;PXD000533;994;4;
54;31014;MHCC97;H12-1;PXD000533;1019;3;
55;31015;MHCC97;H12-2;PXD000533;1002;4;
56;31016;MHCC97;H13-1;PXD000533;1165;3;
57;31017;MHCC97;H13-2;PXD000533;1121;4;
58;31018;MHCC97;H14-1;PXD000533;1216;3;
59;31019;MHCC97;H14-2;PXD000533;1165;4;
60;31020;MHCC97;H15-1;PXD000533;1186;3;
61;31021;MHCC97;H15-2;PXD000533;1191;4;
62;31022;MHCC97;H16-1;PXD000533;1143;3;
63;31023;MHCC97;H16-2;PXD000533;1203;4;
64;31024;MHCC97;H17-1;PXD000533;1192;3;
65;31025;MHCC97;H17-2;PXD000533;1165;4;
66;31026;MHCC97;H18-1;PXD000533;1180;3;
67;31027;MHCC97;H18-2;PXD000533;1214;4;
68;31028;MHCC97;H19-1;PXD000533;1234;3;
69;31029;MHCC97;H19-2;PXD000533;1220;4;
70;31030;MHCC97;H20-1;PXD000533;1190;3;
71;31031;MHCC97;H20-2;PXD000533;1199;4;
72;31032;MHCC97;H2-1;PXD000533;1042;3;
73;31033;MHCC97;H21-1;PXD000533;1110;4;
74;31034;MHCC97;H21-2;PXD000533;1084;3;
75;31035;MHCC97;H2-2;PXD000533;1009;4;
76;31036;MHCC97;H22-1;PXD000533;978;3;
77;31037;MHCC97;H22-2;PXD000533;995;4;
78;31038;MHCC97;H23-1;PXD000533;996;3;
79;31039;MHCC97;H23-2;PXD000533;960;4;
80;31040;MHCC97;H24-1;PXD000533;911;3;
81;31041;MHCC97;H24-2;PXD000533;884;4;
82;31042;MHCC97;H3-1;PXD000533;970;3;
83;31043;MHCC97;H3-2;PXD000533;958;4;
84;31044;MHCC97;H4-1;PXD000533;998;3;
85;31045;MHCC97;H4-2;PXD000533;1002;4;
86;31046;MHCC97;H5-1;PXD000533;1079;3;
87;31047;MHCC97;H5-2;PXD000533;1043;4;
88;31048;MHCC97;H6-1;PXD000533;1018;3;
89;31049;MHCC97;H6-2;PXD000533;1011;4;
90;31050;MHCC97;H7-1;PXD000533;1005;3;
91;31051;MHCC97;H7-2;PXD000533;1084;4;
92;31052;MHCC97;H8-1;PXD000533;1097;3;
93;31053;MHCC97;H8-2;PXD000533;1044;4;
94;31054;MHCC97;H9-1;PXD000533;1013;3;
95;31055;MHCC97;H9-2;PXD000533;971;4;
96;31056;Jurkat;QEXI09098;PXD004280;1316;no_annotation;
97;31057;Jurkat;QEXI09100;PXD004280;1357;no_annotation;
98;31058;Jurkat;QEXI09102;PXD004280;1400;no_annotation;
99;31059;Jurkat;QEXI09104;PXD004280;1410;no_annotation;
100;31060;Jurkat;QEXI09106;PXD004280;1415;no_annotation;
101;31061;Jurkat;QEXI09108;PXD004280;1444;no_annotation;
102;31062;Jurkat;QEXI09110;PXD004280;1379;no_annotation;
103;31063;Jurkat;QEXI09112;PXD004280;1406;no_annotation;
104;31064;Jurkat;QEXI09114;PXD004280;1306;no_annotation;
105;31065;Jurkat;QEXI09116;PXD004280;1368;no_annotation;
106;31066;Jurkat;QEXI09118;PXD004280;1400;no_annotation;
107;31067;Jurkat;QEXI09120;PXD004280;1478;no_annotation;
108;31068;Jurkat;QEXI09122;PXD004280;1404;no_annotation;
109;31069;Jurkat;QEXI09124;PXD004280;1392;no_annotation;
110;31070;Jurkat;QEXI09126;PXD004280;1527;no_annotation;
111;31071;Jurkat;QEXI09128;PXD004280;1480;no_annotation;
112;31072;Jurkat;QEXI09130;PXD004280;1531;no_annotation;
113;31073;Jurkat;QEXI09132;PXD004280;1498;no_annotation;
114;31074;Jurkat;QEXI09134;PXD004280;1420;no_annotation;
115;31075;Jurkat;QEXI09136;PXD004280;1393;no_annotation;
116;31076;Jurkat;QEXI09138;PXD004280;1513;no_annotation;
117;31077;Jurkat;QEXI09140;PXD004280;1412;no_annotation;
118;31078;Jurkat;QEXI09147;PXD004280;1248;no_annotation;
119;31079;Jurkat;QEXI09149;PXD004280;1244;no_annotation;
120;31080;Jurkat;QEXI09151;PXD004280;1177;no_annotation;
121;31081;Jurkat;QEXI09153;PXD004280;1144;no_annotation;
122;31082;Jurkat;QEXI09155;PXD004280;1369;no_annotation;
123;31083;Jurkat;QEXI09157;PXD004280;1403;no_annotation;
124;31084;Jurkat;QEXI09159;PXD004280;1488;no_annotation;
125;31085;Jurkat;QEXI09161;PXD004280;1498;no_annotation;
126;31086;Jurkat;QEXI09163;PXD004280;1393;no_annotation;
127;31087;Jurkat;QEXI09165;PXD004280;1288;no_annotation;
128;31088;Jurkat;QEXI09167;PXD004280;1235;no_annotation;
129;31089;Jurkat;QEXI09169;PXD004280;1255;no_annotation;
130;31090;Jurkat;QEXI09171;PXD004280;1439;no_annotation;
131;31091;Jurkat;QEXI09173;PXD004280;1337;no_annotation;
132;31092;Jurkat;QEXI09175;PXD004280;1197;no_annotation;
133;31093;Jurkat;QEXI09177;PXD004280;1185;no_annotation;
134;31094;Jurkat;QEXI09179;PXD004280;946;no_annotation;
135;31095;Jurkat;QEXI09181;PXD004280;1296;no_annotation;
136;31096;Jurkat;QEXI09183;PXD004280;1152;no_annotation;
137;31097;Jurkat;QEXI09185;PXD004280;1101;no_annotation;
138;31098;LAN5;FASP_1_01;PXD002842;586;0;
139;31099;LAN5;FASP_1_02;PXD002842;313;0;
140;31100;LAN5;FASP_2_01;PXD002842;1039;0;ab treatment
141;31101;LAN5;FASP_2_02;PXD002842;995;0;ab treatment
142;31102;LAN5;FASP_A_01;PXD002842;1418;0;ab treatment
143;31103;LAN5;FASP_A_02;PXD002842;1556;0;ab treatment
144;31104;LAN5;FASP_B_01;PXD002842;1593;0;
145;31105;LAN5;FASP_B_02;PXD002842;1580;0;
146;31138;A431;A431_01uM_DON_1_1;PXD008996;1441;0;
147;31139;A431;A431_01uM_DON_1_2;PXD008996;1424;0;
148;31140;A431;A431_01uM_DON_2_1;PXD008996;1551;0;
149;31141;A431;A431_01uM_DON_2_2;PXD008996;1365;0;
150;31142;A431;A431_01uM_DON_3_1;PXD008996;1235;0;
151;31143;A431;A431_01uM_DON_3_2;PXD008996;1224;0;
152;31144;A431;A431_10uM_DON_1_1;PXD008996;1202;0;
153;31145;A431;A431_10uM_DON_1_2;PXD008996;1225;0;
154;31146;A431;A431_10uM_DON_2_1;PXD008996;1317;0;
155;31147;A431;A431_10uM_DON_2_2;PXD008996;1274;0;
156;31148;A431;A431_10uM_DON_3_1;PXD008996;1256;0;
157;31149;A431;A431_10uM_DON_3_2;PXD008996;1332;0;
158;31150;A431;A431_1uM_DON_1_1;PXD008996;1215;0;
159;31151;A431;A431_1uM_DON_1_2;PXD008996;1118;0;
160;31152;A431;A431_1uM_DON_2_1;PXD008996;1243;0;
161;31153;A431;A431_1uM_DON_2_2;PXD008996;1234;0;
162;31154;A431;A431_1uM_DON_3_1;PXD008996;1404;0;
163;31155;A431;A431_1uM_DON_3_2;PXD008996;1265;0;
164;31156;A431;A431_control_1_1;PXD008996;1460;0;
165;31157;A431;A431_control_1_2;PXD008996;1461;0;
166;31158;A431;A431_control_2_1;PXD008996;1353;0;
167;31159;A431;A431_control_2_2;PXD008996;1352;0;
168;31160;A431;A431_control_3_1;PXD008996;1345;0;
169;31161;A431;A431_control_3_2;PXD008996;1291;0;
170;31162;HEK293;161021_deSDS_Digested_cells_1SDS_01_A;PXD006035;309;1;
171;31163;HEK293;161021_deSDS_Digested_cells_1SDS_01_B;PXD006035;278;2;
172;31164;HEK293;161021_deSDS_Digested_cells_1SDS_02_A;PXD006035;331;1;
173;31165;HEK293;161021_deSDS_Digested_cells_1SDS_02_B;PXD006035;303;2;
174;31166;HEK293;161021_deSDS_Digested_cells_1SDS_03_A;PXD006035;370;1;
175;31167;HEK293;161021_deSDS_Digested_cells_1SDS_03_B;PXD006035;302;2;
176;31168;HEK293;161021_deSDS_Digested_cells_1SDS_04_A;PXD006035;362;1;
177;31169;HEK293;161021_deSDS_Digested_cells_1SDS_04_B;PXD006035;19;2;
178;31170;HEK293;161021_deSDS_Digested_cells_1SDS_05_A;PXD006035;317;1;
179;31171;HEK293;161021_deSDS_Digested_cells_1SDS_05_B;PXD006035;16;2;
180;31172;HEK293;161021_deSDS_Digested_cells_1SDS_06_A;PXD006035;344;1;
181;31173;HEK293;161021_deSDS_Digested_cells_1SDS_06_B;PXD006035;16;2;
182;31174;HEK293;161021_deSDS_Digested_cells_1SDS_07_A;PXD006035;345;1;
183;31175;HEK293;161021_deSDS_Digested_cells_1SDS_07_B;PXD006035;74;2;
184;31176;HEK293;161021_deSDS_Digested_cells_1SDS_08_A;PXD006035;337;1;
185;31177;HEK293;161021_deSDS_Digested_cells_1SDS_08_B;PXD006035;308;2;
186;31178;HEK293;161021_deSDS_Digested_cells_1SDS_09_A;PXD006035;340;1;
187;31179;HEK293;161021_deSDS_Digested_cells_1SDS_09_B;PXD006035;383;2;
188;31180;HEK293;161021_deSDS_Digested_cells_1SDS_10_A;PXD006035;191;1;
189;31181;HEK293;161021_deSDS_Digested_cells_1SDS_10_B;PXD006035;313;2;
190;31182;HEK293;161021_deSDS_Digested_cells_1SDS_11_A;PXD006035;178;1;
191;31183;HEK293;161021_deSDS_Digested_cells_1SDS_11_B;PXD006035;187;2;
192;31184;HEK293;161021_deSDS_Digested_cells_1SDS_12_A;PXD006035;115;1;
193;31185;HEK293;161021_deSDS_Digested_cells_1SDS_12_B;PXD006035;21;2;
194;31186;HEK293;161021_deSDS_Digested_cells_1SDS_13_A;PXD006035;213;1;
195;31187;HEK293;161021_deSDS_Digested_cells_1SDS_13_B;PXD006035;97;2;
196;31188;HEK293;161021_deSDS_Digested_cells_1SDS_14_A;PXD006035;109;1;
197;31189;HEK293;161021_deSDS_Digested_cells_1SDS_14_B;PXD006035;103;2;
198;31190;HEK293;161021_deSDS_Digested_cells_1SDS_15_A;PXD006035;85;1;
199;31191;HEK293;161021_deSDS_Digested_cells_1SDS_15_B;PXD006035;66;2;
200;31192;HEK293;161021_deSDS_Digested_cells_1SDS_16_A;PXD006035;396;1;
201;31193;HEK293;161021_deSDS_Digested_cells_1SDS_16_B;PXD006035;385;2;
202;31194;HEK293;161021_deSDS_Digested_cells_1SDS_17_A;PXD006035;347;1;
203;31195;HEK293;161021_deSDS_Digested_cells_1SDS_17_B;PXD006035;252;2;
204;31196;HEK293;161021_deSDS_Digested_cells_1SDS_18_A;PXD006035;319;1;
205;31197;HEK293;161021_deSDS_Digested_cells_1SDS_18_B;PXD006035;42;2;
206;31198;HEK293;161021_deSDS_Digested_cells_1SDS_19_A;PXD006035;272;1;
207;31199;HEK293;161021_deSDS_Digested_cells_1SDS_19_B;PXD006035;188;2;
208;31200;HEK293;161021_deSDS_Digested_cells_1SDS_20_A;PXD006035;230;1;
209;31201;HEK293;161021_deSDS_Digested_cells_1SDS_20_B;PXD006035;287;2;
210;31202;HEK293;161021_deSDS_Digested_cells_1SDS_21_A;PXD006035;460;1;
211;31203;HEK293;161021_deSDS_Digested_cells_1SDS_21_B;PXD006035;435;2;
212;31204;HEK293;161021_deSDS_Digested_cells_1SDS_22_A;PXD006035;328;1;
213;31205;HEK293;161021_deSDS_Digested_cells_1SDS_22_B;PXD006035;330;2;
214;31206;HEK293;161021_deSDS_Digested_cells_1SDS_23_A;PXD006035;339;1;
215;31207;HEK293;161021_deSDS_Digested_cells_1SDS_23_B;PXD006035;64;2;
216;31208;HEK293;170322_HEK_RP_01_A;PXD006035;247;3;
217;31209;HEK293;170322_HEK_RP_01_B;PXD006035;227;4;
218;31210;HEK293;170322_HEK_RP_02_A;PXD006035;277;3;
219;31211;HEK293;170322_HEK_RP_02_B;PXD006035;286;4;
220;31212;HEK293;170322_HEK_RP_03_A;PXD006035;288;3;
221;31213;HEK293;170322_HEK_RP_03_B;PXD006035;295;4;
222;31214;HEK293;170322_HEK_RP_04_A;PXD006035;371;3;
223;31215;HEK293;170322_HEK_RP_04_B;PXD006035;373;4;
224;31216;HEK293;170322_HEK_RP_05_A;PXD006035;228;3;
225;31217;HEK293;170322_HEK_RP_05_B;PXD006035;212;4;
226;31218;HEK293;170322_HEK_RP_06_A;PXD006035;354;3;
227;31219;HEK293;170322_HEK_RP_06_B;PXD006035;338;4;
228;31220;HEK293;170322_HEK_RP_07_A;PXD006035;351;3;
229;31221;HEK293;170322_HEK_RP_07_B;PXD006035;317;4;
230;31222;HEK293;170322_HEK_RP_08_A;PXD006035;252;3;
231;31223;HEK293;170322_HEK_RP_08_B;PXD006035;270;4;
232;31224;HEK293;170322_HEK_RP_09_A;PXD006035;268;3;
233;31225;HEK293;170322_HEK_RP_09_B;PXD006035;256;4;
234;31226;HEK293;170322_HEK_RP_10_A;PXD006035;318;3;
235;31227;HEK293;170322_HEK_RP_10_B;PXD006035;319;4;
236;31228;HEK293;170322_HEK_RP_11_A;PXD006035;283;3;
237;31229;HEK293;170322_HEK_RP_11_B;PXD006035;277;4;
238;31230;HEK293;170322_HEK_RP_12_A;PXD006035;302;3;
239;31231;HEK293;170322_HEK_RP_12_B;PXD006035;297;4;
240;31232;HEK293;170322_HEK_RP_13_A;PXD006035;234;3;
241;31233;HEK293;170322_HEK_RP_13_B;PXD006035;236;4;
242;31234;HEK293;170322_HEK_RP_14_A;PXD006035;344;3;
243;31235;HEK293;170322_HEK_RP_14_B;PXD006035;334;4;
244;31236;HEK293;170322_HEK_RP_15_A;PXD006035;225;3;
245;31237;HEK293;170322_HEK_RP_15_B;PXD006035;249;4;
246;31238;HEK293;170322_HEK_RP_16_A;PXD006035;310;3;
247;31239;HEK293;170322_HEK_RP_16_B;PXD006035;313;4;
248;31240;HEK293;170322_HEK_RP_17_A;PXD006035;343;3;
249;31241;HEK293;170322_HEK_RP_17_B;PXD006035;335;4;
250;31242;HEK293;170322_HEK_RP_18_A;PXD006035;261;3;
251;31243;HEK293;170322_HEK_RP_18_B;PXD006035;267;4;
252;31244;HEK293;170322_HEK_RP_19_A;PXD006035;339;3;
253;31245;HEK293;170322_HEK_RP_19_B;PXD006035;348;4;
254;31246;HEK293;170322_HEK_RP_20_A;PXD006035;317;3;
255;31247;HEK293;170322_HEK_RP_20_B;PXD006035;296;4;
256;31248;HEK293;170322_HEK_RP_21_A;PXD006035;323;3;
257;31249;HEK293;170322_HEK_RP_21_B;PXD006035;309;4;
258;31250;HEK293;170322_HEK_RP_22_A;PXD006035;342;3;
259;31251;HEK293;170322_HEK_RP_22_B;PXD006035;337;4;
260;31252;HEK293;170322_HEK_RP_23_A;PXD006035;336;3;
261;31253;HEK293;170322_HEK_RP_23_B;PXD006035;323;4;
262;31254;MCF7;MCF7_1a;PXD008719;1636;0;
263;31255;MCF7;MCF7_1b;PXD008719;1663;0;
264;31256;MCF7;MCF7_2a;PXD008719;1864;0;
265;31257;MCF7;MCF7_2b;PXD008719;1846;0;
266;31258;MCF7;MCF7_3a;PXD008719;1852;0;
267;31259;MCF7;MCF7_3b;PXD008719;1811;0;
268;31260;MCF7;MCF7_curcumin_1a;PXD008719;1867;0;
269;31261;MCF7;MCF7_curcumin_1b;PXD008719;1891;0;
270;31262;MCF7;MCF7_curcumin_2a;PXD008719;1732;0;
271;31263;MCF7;MCF7_curcumin_2b;PXD008719;1751;0;
272;31264;MCF7;MCF7_curcumin_3a;PXD008719;1774;0;
273;31265;MCF7;MCF7_curcumin_3b;PXD008719;1799;0;
274;31266;ZR751;ZR751_1a;PXD008719;1961;0;
275;31267;ZR751;ZR751_1b;PXD008719;1958;0;
276;31268;ZR751;ZR751_2a;PXD008719;2078;0;
277;31269;ZR751;ZR751_2b;PXD008719;2025;0;
278;31270;ZR751;ZR751_3a;PXD008719;1881;0;
279;31271;ZR751;ZR751_3b;PXD008719;1875;0;
280;31272;ZR751;ZR751_curcumin_1a;PXD008719;2054;0;
281;31273;ZR751;ZR751_curcumin_1b;PXD008719;2035;0;
282;31274;ZR751;ZR751_curcumin_2a;PXD008719;1718;0;
283;31275;ZR751;ZR751_curcumin_2b;PXD008719;1726;0;
284;31276;ZR751;ZR751_curcumin_3a;PXD008719;1909;0;
285;31277;ZR751;ZR751_curcumin_3b;PXD008719;1927;0;
286;31278;JVM13;JVM-13_cyt_1a;PXD006591;2130;0;append nuclear fraction
287;31279;JVM13;JVM-13_cyt_1b;PXD006591;2126;0;append nuclear fraction
288;31280;JVM13;JVM-13_cyt_2a;PXD006591;2214;0;append nuclear fraction
289;31281;JVM13;JVM-13_cyt_2b;PXD006591;2314;0;append nuclear fraction
290;31282;JVM13;JVM-13_cyt_3a;PXD006591;2206;0;append nuclear fraction
291;31283;JVM13;JVM-13_cyt_3b;PXD006591;2233;0;append nuclear fraction
292;31284;HUVEC;HUVEC_cyt_con_3b;PXD003406;1863;0;append nuclear fraction
293;31285;HUVEC;HUVEC_cyt_con_6a;PXD003406;1699;0;append nuclear fraction
294;31286;HUVEC;HUVEC_cyt_con_5b_4;PXD003406;910;4;append nuclear fraction
295;31287;HUVEC;HUVEC_cyt_con_2a;PXD003406;2106;0;append nuclear fraction
296;31288;HUVEC;HUVEC_cyt_con_1a_4;PXD003406;818;1;append nuclear fraction
297;31289;HUVEC;HUVEC_cyt_con_3a;PXD003406;1870;0;append nuclear fraction
298;31290;HUVEC;HUVEC_cyt_con_1b_4;PXD003406;828;2;append nuclear fraction
299;31291;HUVEC;HUVEC_cyt_con_5a_1;PXD003406;892;3;append nuclear fraction
300;31292;HUVEC;HUVEC_cyt_con_4a;PXD003406;1872;0;append nuclear fraction
301;31293;HUVEC;HUVEC_cyt_con_5b_1;PXD003406;1046;4;append nuclear fraction
302;31294;HUVEC;HUVEC_cyt_con_1b_3;PXD003406;994;2;append nuclear fraction
303;31295;HUVEC;HUVEC_cyt_con_1a_2;PXD003406;992;1;append nuclear fraction
304;31296;HUVEC;HUVEC_cyt_con_1a_1;PXD003406;1291;1;append nuclear fraction
305;31297;HUVEC;HUVEC_cyt_con_1b_1;PXD003406;1275;2;append nuclear fraction
306;31298;HUVEC;HUVEC_cyt_con_7b;PXD003406;475;0;append nuclear fraction
307;31299;HUVEC;HUVEC_cyt_con_5b_2;PXD003406;860;4;append nuclear fraction
308;31300;HUVEC;HUVEC_cyt_con_1b_2;PXD003406;975;2;append nuclear fraction
309;31301;HUVEC;HUVEC_cyt_con_5a_3;PXD003406;818;3;append nuclear fraction
310;31302;HUVEC;HUVEC_cyt_con_1a_3;PXD003406;983;1;append nuclear fraction
311;31303;HUVEC;HUVEC_cyt_con_5a_2;PXD003406;739;3;append nuclear fraction
312;31304;HUVEC;HUVEC_cyt_con_7a;PXD003406;1465;0;append nuclear fraction
313;31305;HUVEC;HUVEC_cyt_con_5b_3;PXD003406;884;4;append nuclear fraction
314;31306;HUVEC;HUVEC_cyt_con_2b;PXD003406;1886;0;append nuclear fraction
315;31307;HUVEC;HUVEC_cyt_con_5a_4;PXD003406;849;3;append nuclear fraction
316;31308;HUVEC;HUVEC_cyt_con_6b;PXD003406;524;0;append nuclear fraction
317;31309;HUVEC;HUVEC_cyt_con_4b;PXD003406;1836;0;append nuclear fraction
318;31310;HUVEC;HUVEC_cyt_stim_1b_1;PXD003407;1285;2;append nuclear fraction
319;31311;HUVEC;HUVEC_cyt_stim_1a_3;PXD003407;943;1;append nuclear fraction
320;31312;HUVEC;HUVEC_cyt_stim_4a;PXD003407;1786;0;append nuclear fraction
321;31313;HUVEC;HUVEC_cyt_stim_6b;PXD003407;513;0;append nuclear fraction
322;31314;HUVEC;HUVEC_cyt_stim_3b;PXD003407;1965;0;append nuclear fraction
323;31315;HUVEC;HUVEC_cyt_stim_5a_1;PXD003407;1523;3;append nuclear fraction
324;31316;HUVEC;HUVEC_cyt_stim_5b_1;PXD003407;1518;4;append nuclear fraction
325;31317;HUVEC;HUVEC_cyt_stim_5a_3;PXD003407;1099;3;append nuclear fraction
326;31318;HUVEC;HUVEC_cyt_stim_7a;PXD003407;1615;0;append nuclear fraction
327;31319;HUVEC;HUVEC_cyt_stim_1a_4;PXD003407;765;1;append nuclear fraction
328;31320;HUVEC;HUVEC_cyt_stim_1b_2;PXD003407;1051;2;append nuclear fraction
329;31321;HUVEC;HUVEC_cyt_stim_5b_2;PXD003407;1064;4;append nuclear fraction
330;31322;HUVEC;HUVEC_cyt_stim_1b_4;PXD003407;792;2;append nuclear fraction
331;31323;HUVEC;HUVEC_cyt_stim_5b_4;PXD003407;978;4;append nuclear fraction
332;31324;HUVEC;HUVEC_cyt_stim_7b;PXD003407;589;0;append nuclear fraction
333;31325;HUVEC;HUVEC_cyt_stim_2b;PXD003407;1793;0;append nuclear fraction
334;31326;HUVEC;HUVEC_cyt_stim_1b_3;PXD003407;983;2;append nuclear fraction
335;31327;HUVEC;HUVEC_cyt_stim_1a_1;PXD003407;1236;1;append nuclear fraction
336;31328;HUVEC;HUVEC_cyt_stim_5a_2;PXD003407;1052;3;append nuclear fraction
337;31329;HUVEC;HUVEC_cyt_stim_5b_3;PXD003407;1114;4;append nuclear fraction
338;31330;HUVEC;HUVEC_cyt_stim_4b;PXD003407;1798;0;append nuclear fraction
339;31331;HUVEC;HUVEC_cyt_stim_5a_4;PXD003407;995;3;append nuclear fraction
340;31332;HUVEC;HUVEC_cyt_stim_1a_2;PXD003407;1052;1;append nuclear fraction
341;31333;HUVEC;HUVEC_cyt_stim_2a;PXD003407;2006;0;append nuclear fraction
342;31334;HUVEC;HUVEC_cyt_stim_3a;PXD003407;1963;0;append nuclear fraction
343;31335;HUVEC;HUVEC_cyt_stim_6a;PXD003407;1636;0;append nuclear fraction
344;31336;ZR751;ZR_con_1d_130618_cyt2;PXD001327;931;1;append nuclear fraction
345;31337;ZR751;ZR_con_1d_130618_cyt1;PXD001327;1258;1;append nuclear fraction
346;31338;ZR751;ZR_con_1d_130618_cyt4;PXD001327;1164;1;append nuclear fraction
347;31339;ZR751;ZR_con_1d_130618_cyt2b;PXD001327;937;2;append nuclear fraction
348;31340;ZR751;ZR_con_1d_130618_cyt3;PXD001327;1064;1;append nuclear fraction
349;31341;ZR751;ZR_con_1d_130618_cyt1b;PXD001327;1269;2;append nuclear fraction
350;31342;ZR751;ZR_con_1d_130618_cyt4b;PXD001327;1143;2;append nuclear fraction
351;31343;ZR751;ZR_con_1d_130618_cyt3b;PXD001327;1068;2;append nuclear fraction
352;31344;SKBR3;130327_o2_01_hu_C1_2hr;PXD002057;410;0;in paper: 750 proteins accurately identified, why even bother?
353;31345;SKBR3;130327_o2_02_hu_P1_2hr;PXD002057;730;0;in paper: 750 proteins accurately identified, why even bother?
354;31346;SKBR3;130327_o2_03_hu_C2_2hr;PXD002057;341;0;in paper: 750 proteins accurately identified, why even bother?
355;31347;SKBR3;130327_o2_04_hu_P2_2hr;PXD002057;632;0;in paper: 750 proteins accurately identified, why even bother?
356;31348;SKBR3;130327_o2_05_hu_C3_2hr;PXD002057;339;0;in paper: 750 proteins accurately identified, why even bother?
357;31349;SKBR3;130327_o2_06_hu_P3_2hr;PXD002057;647;0;in paper: 750 proteins accurately identified, why even bother?
358;31350;HeLa;qExHF01_02580;PXD004824;2747;0;
359;31351;HeLa;qExHF01_02592;PXD004824;2711;0;
360;31352;HeLa;qExHF01_02606;PXD004824;2823;0;
361;31353;Huh7;20141127_SCX_HuH7_1;PXD003438;1299;0;
362;31354;Huh7;20141127_SCX_HuH7_2;PXD003438;1259;0;
363;31355;Huh7;20141127_SCX_HuH7_3;PXD003438;1280;0;
364;31356;Huh7;20141127_SCX_HuH7_4;PXD003438;1207;0;
365;31357;Huh7;20141210_RP_HuH7_1;PXD003438;1567;0;
366;31358;Huh7;20141210_RP_HuH7_2;PXD003438;1604;0;
367;31359;Huh7;20141210_RP_HuH7_3;PXD003438;1704;0;
368;31360;Huh7;20141210_RP_HuH7_4;PXD003438;1656;0;
369;31361;HCT116;20121023_EXQ4_JRW_SA_30L_1;PXD001352;4228;0;
370;31362;HCT116;20121023_EXQ4_JRW_SA_30L_2;PXD001352;4206;0;
371;31363;HCT116;20121023_EXQ4_JRW_SA_30T_1;PXD001352;3635;0;
372;31364;HCT116;20121023_EXQ4_JRW_SA_30T_2;PXD001352;3660;0;
373;31365;MCF7;20140127_EXQ4_JRW_D52_1_L;PXD001352;4007;0;
374;31366;MCF7;20140127_EXQ4_JRW_D52_1_T;PXD001352;4081;0;
375;31367;MCF7;20140127_EXQ4_JRW_D52_2_L;PXD001352;4087;0;
376;31368;MCF7;20140127_EXQ4_JRW_D52_2_T;PXD001352;4381;0;
377;31369;K562;20140127_EXQ4_JRW_D61_1_L;PXD001352;3116;0;
378;31370;K562;20140127_EXQ4_JRW_D61_1_T;PXD001352;3464;0;
379;31371;K562;20140127_EXQ4_JRW_D61_2_L;PXD001352;3430;0;
380;31372;K562;20140127_EXQ4_JRW_D61_2_T;PXD001352;3155;0;
381;31373;U87;20121023_EXQ4_JRW_SA_31L_1;PXD000661;4175;0;trypsin vs lysC
382;31374;U87;20121023_EXQ4_JRW_SA_31L_2;PXD000661;4219;0;trypsin vs lysC
383;31375;U87;20121023_EXQ4_JRW_SA_31L_3;PXD000661;4193;0;trypsin vs lysC
384;31376;U87;20121023_EXQ4_JRW_SA_31T_1;PXD000661;3393;0;trypsin vs lysC
385;31377;U87;20121023_EXQ4_JRW_SA_31T_2;PXD000661;3564;0;trypsin vs lysC
386;31378;U87;20121023_EXQ4_JRW_SA_31T_3;PXD000661;3602;0;trypsin vs lysC
387;31379;A549;20121023_EXQ4_JRW_SA_32L_1;PXD000661;4008;0;trypsin vs lysC
388;31380;A549;20121023_EXQ4_JRW_SA_32L_2;PXD000661;4083;0;trypsin vs lysC
389;31381;A549;20121023_EXQ4_JRW_SA_32L_3;PXD000661;3995;0;trypsin vs lysC
390;31382;A549;20121023_EXQ4_JRW_SA_32T_1;PXD000661;3101;0;trypsin vs lysC
391;31383;A549;20121023_EXQ4_JRW_SA_32T_2;PXD000661;3311;0;trypsin vs lysC
392;31384;A549;20121023_EXQ4_JRW_SA_32T_3;PXD000661;3049;0;trypsin vs lysC
393;31385;PC3;20121023_EXQ4_JRW_SA_33L_1;PXD000661;4002;0;trypsin vs lysC
394;31386;PC3;20121023_EXQ4_JRW_SA_33L_2;PXD000661;4102;0;trypsin vs lysC
395;31387;PC3;20121023_EXQ4_JRW_SA_33L_3;PXD000661;3977;0;trypsin vs lysC
396;31388;PC3;20121023_EXQ4_JRW_SA_33T_1;PXD000661;2965;0;trypsin vs lysC
397;31389;PC3;20121023_EXQ4_JRW_SA_33T_2;PXD000661;2556;0;trypsin vs lysC
398;31390;PC3;20121023_EXQ4_JRW_SA_33T_3;PXD000661;2751;0;trypsin vs lysC
399;31391;HepG2;20121023_EXQ4_JRW_SA_34L_1;PXD000661;3677;0;trypsin vs lysC
400;31392;HepG2;20121023_EXQ4_JRW_SA_34L_2;PXD000661;3524;0;trypsin vs lysC
401;31393;HepG2;20121023_EXQ4_JRW_SA_34L_3;PXD000661;3539;0;trypsin vs lysC
402;31394;HepG2;20121023_EXQ4_JRW_SA_34T_1;PXD000661;3105;0;trypsin vs lysC
403;31395;HepG2;20121023_EXQ4_JRW_SA_34T_2;PXD000661;3083;0;trypsin vs lysC
404;31396;HepG2;20121023_EXQ4_JRW_SA_34T_3;PXD000661;3167;0;trypsin vs lysC
405;31398;KO52;160116_K052_OffLRP_RP_f02;PXD008381;143;1;MISSING FRACTIONS!
406;31399;KO52;160116_K052_OffLRP_RP_f03;PXD008381;195;1;MISSING FRACTIONS!
407;31400;KO52;160116_K052_OffLRP_RP_f04;PXD008381;202;1;MISSING FRACTIONS!
408;31401;KO52;160116_K052_OffLRP_RP_f05;PXD008381;188;1;MISSING FRACTIONS!
409;31402;KO52;160116_K052_OffLRP_RP_f06;PXD008381;254;1;MISSING FRACTIONS!
410;31403;KO52;160116_K052_OffLRP_RP_f07;PXD008381;267;1;MISSING FRACTIONS!
411;31404;KO52;160116_K052_OffLRP_RP_f08;PXD008381;282;1;MISSING FRACTIONS!
412;31411;KO52;160116_K052_OffLRP_RP_f15;PXD008381;136;1;MISSING FRACTIONS!
413;31414;KO52;160116_K052_OffLRP_RP_f18;PXD008381;100;1;MISSING FRACTIONS!
414;31418;KO52;160116_K052_OffLRP_RP_f22;PXD008381;28;1;MISSING FRACTIONS!
415;31423;KO52;20160205_PGM_K052_SCX_RP_03;PXD008381;189;2;MISSING FRACTIONS!
416;31424;KO52;20160205_PGM_K052_SCX_RP_04;PXD008381;300;2;MISSING FRACTIONS!
417;31425;KO52;20160205_PGM_K052_SCX_RP_05;PXD008381;383;2;MISSING FRACTIONS!
418;31426;KO52;20160205_PGM_K052_SCX_RP_06;PXD008381;313;2;MISSING FRACTIONS!
419;31427;KO52;20160205_PGM_K052_SCX_RP_07;PXD008381;378;2;MISSING FRACTIONS!
420;31428;KO52;20160205_PGM_K052_SCX_RP_08;PXD008381;299;2;MISSING FRACTIONS!
421;31429;KO52;20160205_PGM_K052_SCX_RP_09;PXD008381;305;2;MISSING FRACTIONS!
422;31430;KO52;20160205_PGM_K052_SCX_RP_10;PXD008381;273;2;MISSING FRACTIONS!
423;31431;KO52;20160205_PGM_K052_SCX_RP_11;PXD008381;199;2;MISSING FRACTIONS!
424;31433;KO52;20160205_PGM_K052_SCX_RP_13;PXD008381;274;2;MISSING FRACTIONS!
425;31434;KO52;20160205_PGM_K052_SCX_RP_14;PXD008381;263;2;MISSING FRACTIONS!
426;31435;KO52;20160205_PGM_K052_SCX_RP_15;PXD008381;320;2;MISSING FRACTIONS!
427;31436;KO52;20160205_PGM_K052_SCX_RP_16;PXD008381;349;2;MISSING FRACTIONS!
428;31437;KO52;20160205_PGM_K052_SCX_RP_17;PXD008381;463;2;MISSING FRACTIONS!
429;31438;KO52;20160205_PGM_K052_SCX_RP_18;PXD008381;113;2;MISSING FRACTIONS!
430;31439;KO52;20160205_PGM_K052_SCX_RP_19;PXD008381;336;2;MISSING FRACTIONS!
431;31440;KO52;20160205_PGM_K052_SCX_RP_20;PXD008381;211;2;MISSING FRACTIONS!
432;31442;KO52;20160205_PGM_K052_SCX_RP_22;PXD008381;25;2;MISSING FRACTIONS!
433;31531;HL60;HL60_18hr_ctrl_1;PXD009149;91;0;missing fractions and what went wrong?
434;31534;HL60;HL60_18hr_ctrl_4;PXD009149;98;0;missing fractions and what went wrong?
435;31535;HL60;HL60_1hr_ctrl_1;PXD009149;137;0;missing fractions and what went wrong?
436;31537;HL60;HL60_1hr_ctrl_3;PXD009149;155;0;missing fractions and what went wrong?
437;31538;HL60;HL60_1hr_ctrl_4;PXD009149;153;0;missing fractions and what went wrong?
438;31539;HL60;HL60_1hr_Zinc_1;PXD009149;160;0;missing fractions and what went wrong?
439;31546;HL60;HL60_24hr_225uM_Zinc_4;PXD009149;110;0;missing fractions and what went wrong?
440;31548;HL60;HL60_24hr_ctrl_2;PXD009149;120;0;missing fractions and what went wrong?
441;31551;HL60;HL60_36hr_225uM_Zinc_1;PXD009149;322;0;missing fractions and what went wrong?
442;31552;HL60;HL60_36hr_225uM_Zinc_2;PXD009149;254;0;missing fractions and what went wrong?
443;31553;HL60;HL60_36hr_225uM_Zinc_3;PXD009149;234;0;missing fractions and what went wrong?
444;31554;HL60;HL60_36hr_225uM_Zinc_4;PXD009149;387;0;missing fractions and what went wrong?
445;31555;HL60;HL60_36hr_ctrl_1;PXD009149;297;0;missing fractions and what went wrong?
446;31556;HL60;HL60_36hr_ctrl_2;PXD009149;316;0;missing fractions and what went wrong?
447;31557;HL60;HL60_36hr_ctrl_3;PXD009149;207;0;missing fractions and what went wrong?
448;31558;HL60;HL60_36hr_ctrl_4;PXD009149;307;0;missing fractions and what went wrong?
449;31559;HL60;HL60_48hr_225uM_Zinc_1;PXD009149;230;0;missing fractions and what went wrong?
450;31561;HL60;HL60_48hr_225uM_Zinc_3_160517100009;PXD009149;128;0;missing fractions and what went wrong?
451;31562;HL60;HL60_48hr_225uM_Zinc_4;PXD009149;159;0;missing fractions and what went wrong?
452;31563;HL60;HL60_48hr_ctrl_1;PXD009149;183;0;missing fractions and what went wrong?
453;31564;HL60;HL60_48hr_ctrl_2;PXD009149;253;0;missing fractions and what went wrong?
454;31566;HL60;HL60_48hr_ctrl_4;PXD009149;292;0;missing fractions and what went wrong?
455;31567;HL60;HL60_6hr_ctrl_1;PXD009149;354;0;missing fractions and what went wrong?
456;31568;HL60;HL60_6hr_ctrl_2;PXD009149;287;0;missing fractions and what went wrong?
457;31569;HL60;HL60_6hr_ctrl_3;PXD009149;285;0;missing fractions and what went wrong?
458;31570;HL60;HL60_6hr_ctrl_4;PXD009149;267;0;missing fractions and what went wrong?
459;31571;HL60;HL60_6hr_Zinc_1;PXD009149;320;0;missing fractions and what went wrong?
460;31572;HL60;HL60_6hr_Zinc_2;PXD009149;320;0;missing fractions and what went wrong?
461;31573;HL60;HL60_6hr_Zinc_3;PXD009149;298;0;missing fractions and what went wrong?
462;31574;HL60;HL60_6hr_Zinc_4;PXD009149;235;0;missing fractions and what went wrong?
463;31575;BeWo;RAW_BeWo_P32_1;PXD005045;653;0;
464;31576;BeWo;RAW_BeWo_P32_2;PXD005045;636;0;
465;31577;BeWo;RAW_BeWo_P32_3;PXD005045;651;0;
466;31578;BeWo;RAW_BeWo_P34_1;PXD005045;695;0;
467;31579;BeWo;RAW_BeWo_P34_2;PXD005045;643;0;
468;31580;BeWo;RAW_BeWo_P34_3;PXD005045;677;0;
469;31581;BeWo;RAW_BeWo_P35_1;PXD005045;430;0;
470;31582;BeWo;RAW_BeWo_P35_2;PXD005045;414;0;
471;31583;BeWo;RAW_BeWo_P35_3;PXD005045;416;0;
472;31584;HTR8;RAW_HTR8_SVneo_P79_1;PXD005045;702;0;
473;31585;HTR8;RAW_HTR8_SVneo_P79_2;PXD005045;700;0;
474;31586;HTR8;RAW_HTR8_SVneo_P79_3;PXD005045;652;0;
475;31587;HTR8;RAW_HTR8_SVneo_P80_1;PXD005045;459;0;
476;31588;HTR8;RAW_HTR8_SVneo_P80_2;PXD005045;433;0;
477;31589;HTR8;RAW_HTR8_SVneo_P80_3;PXD005045;440;0;
478;31590;HTR8;RAW_HTR8_SVneo_P81_1;PXD005045;549;0;
479;31591;HTR8;RAW_HTR8_SVneo_P81_2;PXD005045;560;0;
480;31592;HTR8;RAW_HTR8_SVneo_P81_3;PXD005045;547;0;
481;31593;MHCC97;CHPP_97H_RP1_1;PXD000529;922;1;
482;31594;MHCC97;CHPP_97H_RP1_2;PXD000529;995;2;
483;31595;MHCC97;CHPP_97H_RP10_1;PXD000529;1142;1;
484;31596;MHCC97;CHPP_97H_RP10_2;PXD000529;1148;2;
485;31597;MHCC97;CHPP_97H_RP11_1;PXD000529;1174;1;
486;31598;MHCC97;CHPP_97H_RP11_2;PXD000529;1151;2;
487;31599;MHCC97;CHPP_97H_RP12_1;PXD000529;1157;1;
488;31600;MHCC97;CHPP_97H_RP12_2;PXD000529;1161;2;
489;31601;MHCC97;CHPP_97H_RP13_1;PXD000529;1124;1;
490;31602;MHCC97;CHPP_97H_RP13_2;PXD000529;1142;2;
491;31603;MHCC97;CHPP_97H_RP14_1;PXD000529;1133;1;
492;31604;MHCC97;CHPP_97H_RP14_2;PXD000529;1141;2;
493;31605;MHCC97;CHPP_97H_RP15_1;PXD000529;846;1;
494;31606;MHCC97;CHPP_97H_RP15_2;PXD000529;953;2;
495;31607;MHCC97;CHPP_97H_RP16_1;PXD000529;1015;1;
496;31608;MHCC97;CHPP_97H_RP16_2;PXD000529;1072;2;
497;31609;MHCC97;CHPP_97H_RP17_1;PXD000529;1020;1;
498;31610;MHCC97;CHPP_97H_RP17_2;PXD000529;1005;2;
499;31611;MHCC97;CHPP_97H_RP18_1;PXD000529;991;1;
500;31612;MHCC97;CHPP_97H_RP18_2;PXD000529;1038;2;
501;31613;MHCC97;CHPP_97H_RP19_1;PXD000529;825;1;
502;31614;MHCC97;CHPP_97H_RP19_2;PXD000529;845;2;
503;31615;MHCC97;CHPP_97H_RP2_1;PXD000529;1154;1;
504;31616;MHCC97;CHPP_97H_RP2_2;PXD000529;1168;2;
505;31617;MHCC97;CHPP_97H_RP20_1;PXD000529;985;1;
506;31618;MHCC97;CHPP_97H_RP20_2;PXD000529;998;2;
507;31619;MHCC97;CHPP_97H_RP21_1;PXD000529;976;1;
508;31620;MHCC97;CHPP_97H_RP21_2;PXD000529;993;2;
509;31621;MHCC97;CHPP_97H_RP22_1;PXD000529;916;1;
510;31622;MHCC97;CHPP_97H_RP22_2;PXD000529;866;2;
511;31623;MHCC97;CHPP_97H_RP23_1;PXD000529;1040;1;
512;31624;MHCC97;CHPP_97H_RP23_2;PXD000529;1069;2;
513;31625;MHCC97;CHPP_97H_RP24_1;PXD000529;976;1;
514;31626;MHCC97;CHPP_97H_RP24_2;PXD000529;983;2;
515;31627;MHCC97;CHPP_97H_RP3_1;PXD000529;1249;1;
516;31628;MHCC97;CHPP_97H_RP3_2;PXD000529;1224;2;
517;31629;MHCC97;CHPP_97H_RP4_1;PXD000529;1220;1;
518;31630;MHCC97;CHPP_97H_RP4_2;PXD000529;1255;2;
519;31631;MHCC97;CHPP_97H_RP5_1;PXD000529;1170;1;
520;31632;MHCC97;CHPP_97H_RP5_2;PXD000529;1222;2;
521;31633;MHCC97;CHPP_97H_RP6_1;PXD000529;1179;1;
522;31634;MHCC97;CHPP_97H_RP6_2;PXD000529;1175;2;
523;31635;MHCC97;CHPP_97H_RP7_1;PXD000529;1192;1;
524;31636;MHCC97;CHPP_97H_RP7_2;PXD000529;1195;2;
525;31637;MHCC97;CHPP_97H_RP8_1;PXD000529;1134;1;
526;31638;MHCC97;CHPP_97H_RP8_2;PXD000529;1204;2;
527;31639;MHCC97;CHPP_97H_RP9_1;PXD000529;1215;1;
528;31640;MHCC97;CHPP_97H_RP9_2;PXD000529;1167;2;
529;31641;MHCC97;CHPP_LM3_RP1_1;PXD000529;1164;3;
530;31642;MHCC97;CHPP_LM3_RP1_2;PXD000529;1176;4;
531;31643;MHCC97;CHPP_LM3_RP10_1;PXD000529;1105;3;
532;31644;MHCC97;CHPP_LM3_RP10_2;PXD000529;1112;4;
533;31645;MHCC97;CHPP_LM3_RP11_1;PXD000529;1058;3;
534;31646;MHCC97;CHPP_LM3_RP11_2;PXD000529;1037;4;
535;31647;MHCC97;CHPP_LM3_RP12_1;PXD000529;1090;3;
536;31648;MHCC97;CHPP_LM3_RP12_2;PXD000529;1018;4;
537;31649;MHCC97;CHPP_LM3_RP13_1;PXD000529;1047;3;
538;31650;MHCC97;CHPP_LM3_RP13_2;PXD000529;1080;4;
539;31651;MHCC97;CHPP_LM3_RP14_1;PXD000529;1079;3;
540;31652;MHCC97;CHPP_LM3_RP14_2;PXD000529;1091;4;
541;31653;MHCC97;CHPP_LM3_RP15_1;PXD000529;1092;3;
542;31654;MHCC97;CHPP_LM3_RP15_2;PXD000529;990;4;
543;31655;MHCC97;CHPP_LM3_RP16_1;PXD000529;963;3;
544;31656;MHCC97;CHPP_LM3_RP16_2;PXD000529;966;4;
545;31657;MHCC97;CHPP_LM3_RP17_1;PXD000529;966;3;
546;31658;MHCC97;CHPP_LM3_RP17_2;PXD000529;963;4;
547;31659;MHCC97;CHPP_LM3_RP18_1;PXD000529;974;3;
548;31660;MHCC97;CHPP_LM3_RP18_2;PXD000529;983;4;
549;31661;MHCC97;CHPP_LM3_RP19_1;PXD000529;969;3;
550;31662;MHCC97;CHPP_LM3_RP19_2;PXD000529;971;4;
551;31663;MHCC97;CHPP_LM3_RP2_1;PXD000529;1131;3;
552;31664;MHCC97;CHPP_LM3_RP2_2;PXD000529;1127;4;
553;31665;MHCC97;CHPP_LM3_RP20_1;PXD000529;944;3;
554;31666;MHCC97;CHPP_LM3_RP20_2;PXD000529;932;4;
555;31667;MHCC97;CHPP_LM3_RP21_1;PXD000529;951;3;
556;31668;MHCC97;CHPP_LM3_RP21_2;PXD000529;974;4;
557;31669;MHCC97;CHPP_LM3_RP22_1;PXD000529;969;3;
558;31670;MHCC97;CHPP_LM3_RP22_2;PXD000529;994;4;
559;31671;MHCC97;CHPP_LM3_RP23_1;PXD000529;918;3;
560;31672;MHCC97;CHPP_LM3_RP23_2;PXD000529;935;4;
561;31673;MHCC97;CHPP_LM3_RP24_1;PXD000529;967;3;
562;31674;MHCC97;CHPP_LM3_RP24_2;PXD000529;968;4;
563;31675;MHCC97;CHPP_LM3_RP3_1;PXD000529;1168;3;
564;31676;MHCC97;CHPP_LM3_RP3_2;PXD000529;1185;4;
565;31677;MHCC97;CHPP_LM3_RP4_1;PXD000529;1149;3;
566;31678;MHCC97;CHPP_LM3_RP4_2;PXD000529;1149;4;
567;31679;MHCC97;CHPP_LM3_RP5_1;PXD000529;1110;3;
568;31680;MHCC97;CHPP_LM3_RP5_2;PXD000529;1133;4;
569;31681;MHCC97;CHPP_LM3_RP6_1;PXD000529;1127;3;
570;31682;MHCC97;CHPP_LM3_RP6_2;PXD000529;1104;4;
571;31683;MHCC97;CHPP_LM3_RP7_1;PXD000529;1095;3;
572;31684;MHCC97;CHPP_LM3_RP7_2;PXD000529;1039;4;
573;31685;MHCC97;CHPP_LM3_RP8_1;PXD000529;1101;3;
574;31686;MHCC97;CHPP_LM3_RP8_2;PXD000529;1151;4;
575;31687;MHCC97;CHPP_LM3_RP9_1;PXD000529;1076;3;
576;31688;MHCC97;CHPP_LM3_RP9_2;PXD000529;1081;4;
577;31689;Jurkat;SPHPP_UPV_JURKAT_QE_CHAPS_RPB_R1_1_10;PXD000443;1697;1;
578;31690;Jurkat;SPHPP_UPV_JURKAT_QE_CHAPS_RPB_R1_10_10;PXD000443;1463;1;
579;31691;Jurkat;SPHPP_UPV_JURKAT_QE_CHAPS_RPB_R1_2_10;PXD000443;1655;1;
580;31692;Jurkat;SPHPP_UPV_JURKAT_QE_CHAPS_RPB_R1_3_10;PXD000443;1501;1;
581;31693;Jurkat;SPHPP_UPV_JURKAT_QE_CHAPS_RPB_R1_4_10;PXD000443;1500;1;
582;31694;Jurkat;SPHPP_UPV_JURKAT_QE_CHAPS_RPB_R1_5_10;PXD000443;1482;1;
583;31696;Jurkat;SPHPP_UPV_JURKAT_QE_CHAPS_RPB_R1_7_10;PXD000443;1483;1;
584;31697;Jurkat;SPHPP_UPV_JURKAT_QE_CHAPS_RPB_R1_8_10;PXD000443;1585;1;
585;31698;Jurkat;SPHPP_UPV_JURKAT_QE_CHAPS_RPB_R1_9_10;PXD000443;1612;1;
586;31699;SHSY5Y;160923_A12_FullProteome2_WT_1_supernatant_SF_SCX12;PXD010538;1333;1;
587;31700;SHSY5Y;160923_A12_FullProteome2_WT_1_supernatant_SF_SCX3;PXD010538;1722;1;
588;31701;SHSY5Y;160923_A12_FullProteome2_WT_1_supernatant_SF_SCX4;PXD010538;1696;1;
589;31702;SHSY5Y;160923_A12_FullProteome2_WT_1_supernatant_SF_SCX5;PXD010538;1737;1;
590;31703;SHSY5Y;160923_A12_FullProteome2_WT_1_supernatant_SF_SCX6;PXD010538;1668;1;
591;31704;SHSY5Y;160923_A12_FullProteome2_WT_10_supernatant_Rapa_SCX12;PXD010538;1399;2;
592;31705;SHSY5Y;160923_A12_FullProteome2_WT_10_supernatant_Rapa_SCX3;PXD010538;1736;2;
593;31706;SHSY5Y;160923_A12_FullProteome2_WT_10_supernatant_Rapa_SCX4;PXD010538;1687;2;
594;31707;SHSY5Y;160923_A12_FullProteome2_WT_10_supernatant_Rapa_SCX5;PXD010538;1052;2;
595;31708;SHSY5Y;160923_A12_FullProteome2_WT_10_supernatant_Rapa_SCX6;PXD010538;1702;2;
596;31709;SHSY5Y;160923_A12_FullProteome2_WT_11_supernatant_Rapa_SCX12;PXD010538;1587;3;
597;31710;SHSY5Y;160923_A12_FullProteome2_WT_11_supernatant_Rapa_SCX3;PXD010538;1765;3;
598;31711;SHSY5Y;160923_A12_FullProteome2_WT_11_supernatant_Rapa_SCX4;PXD010538;1764;3;
599;31712;SHSY5Y;160923_A12_FullProteome2_WT_11_supernatant_Rapa_SCX5;PXD010538;1782;3;
600;31713;SHSY5Y;160923_A12_FullProteome2_WT_11_supernatant_Rapa_SCX6;PXD010538;1609;3;
601;31714;SHSY5Y;160923_A12_FullProteome2_WT_12_supernatant_Rapa_SCX12;PXD010538;1651;4;
602;31715;SHSY5Y;160923_A12_FullProteome2_WT_12_supernatant_Rapa_SCX3;PXD010538;1779;4;
603;31716;SHSY5Y;160923_A12_FullProteome2_WT_12_supernatant_Rapa_SCX4;PXD010538;1734;4;
604;31717;SHSY5Y;160923_A12_FullProteome2_WT_12_supernatant_Rapa_SCX5;PXD010538;1762;4;
605;31718;SHSY5Y;160923_A12_FullProteome2_WT_12_supernatant_Rapa_SCX6;PXD010538;524;4;
606;31719;SHSY5Y;160923_A12_FullProteome2_WT_13_supernatant_DMSO_SCX12;PXD010538;1471;5;
607;31720;SHSY5Y;160923_A12_FullProteome2_WT_13_supernatant_DMSO_SCX3;PXD010538;1726;5;
608;31721;SHSY5Y;160923_A12_FullProteome2_WT_13_supernatant_DMSO_SCX4;PXD010538;1699;5;
609;31722;SHSY5Y;160923_A12_FullProteome2_WT_13_supernatant_DMSO_SCX5;PXD010538;1740;5;
610;31723;SHSY5Y;160923_A12_FullProteome2_WT_13_supernatant_DMSO_SCX6;PXD010538;1728;5;
611;31724;SHSY5Y;160923_A12_FullProteome2_WT_14_supernatant_DMSO_SCX12;PXD010538;1373;6;
612;31725;SHSY5Y;160923_A12_FullProteome2_WT_14_supernatant_DMSO_SCX3;PXD010538;1683;6;
613;31726;SHSY5Y;160923_A12_FullProteome2_WT_14_supernatant_DMSO_SCX4;PXD010538;1695;6;
614;31727;SHSY5Y;160923_A12_FullProteome2_WT_14_supernatant_DMSO_SCX5;PXD010538;1760;6;
615;31728;SHSY5Y;160923_A12_FullProteome2_WT_14_supernatant_DMSO_SCX6;PXD010538;1663;6;
616;31729;SHSY5Y;160923_A12_FullProteome2_WT_15_supernatant_DMSO_SCX12;PXD010538;1419;7;
617;31730;SHSY5Y;160923_A12_FullProteome2_WT_15_supernatant_DMSO_SCX3;PXD010538;1690;7;
618;31731;SHSY5Y;160923_A12_FullProteome2_WT_15_supernatant_DMSO_SCX4;PXD010538;1683;7;
619;31732;SHSY5Y;160923_A12_FullProteome2_WT_15_supernatant_DMSO_SCX5;PXD010538;1748;7;
620;31733;SHSY5Y;160923_A12_FullProteome2_WT_15_supernatant_DMSO_SCX6;PXD010538;1682;7;
621;31734;SHSY5Y;160923_A12_FullProteome2_WT_16_supernatant_DMSO_SCX12;PXD010538;1410;8;
622;31735;SHSY5Y;160923_A12_FullProteome2_WT_16_supernatant_DMSO_SCX3;PXD010538;1713;8;
623;31736;SHSY5Y;160923_A12_FullProteome2_WT_16_supernatant_DMSO_SCX4;PXD010538;1688;8;
624;31737;SHSY5Y;160923_A12_FullProteome2_WT_16_supernatant_DMSO_SCX5;PXD010538;1728;8;
625;31738;SHSY5Y;160923_A12_FullProteome2_WT_16_supernatant_DMSO_SCX6;PXD010538;1717;8;
626;31739;SHSY5Y;160923_A12_FullProteome2_WT_17_supernatant_DMSO_SCX12;PXD010538;1509;9;
627;31740;SHSY5Y;160923_A12_FullProteome2_WT_17_supernatant_DMSO_SCX3;PXD010538;1742;9;
628;31741;SHSY5Y;160923_A12_FullProteome2_WT_17_supernatant_DMSO_SCX4;PXD010538;1724;9;
629;31742;SHSY5Y;160923_A12_FullProteome2_WT_17_supernatant_DMSO_SCX5;PXD010538;1778;9;
630;31743;SHSY5Y;160923_A12_FullProteome2_WT_17_supernatant_DMSO_SCX6;PXD010538;1594;9;
631;31744;SHSY5Y;160923_A12_FullProteome2_WT_18_supernatant_DMSO_SCX12;PXD010538;1580;10;
632;31745;SHSY5Y;160923_A12_FullProteome2_WT_18_supernatant_DMSO_SCX3;PXD010538;1698;10;
633;31746;SHSY5Y;160923_A12_FullProteome2_WT_18_supernatant_DMSO_SCX4;PXD010538;1688;10;
634;31747;SHSY5Y;160923_A12_FullProteome2_WT_18_supernatant_DMSO_SCX5;PXD010538;1739;10;
635;31748;SHSY5Y;160923_A12_FullProteome2_WT_18_supernatant_DMSO_SCX6;PXD010538;1610;10;
636;31749;SHSY5Y;160923_A12_FullProteome2_WT_2_supernatant_SF_SCX12;PXD010538;1432;11;
637;31750;SHSY5Y;160923_A12_FullProteome2_WT_2_supernatant_SF_SCX3;PXD010538;1714;11;
638;31751;SHSY5Y;160923_A12_FullProteome2_WT_2_supernatant_SF_SCX4;PXD010538;1667;11;
639;31752;SHSY5Y;160923_A12_FullProteome2_WT_2_supernatant_SF_SCX5;PXD010538;1739;11;
640;31753;SHSY5Y;160923_A12_FullProteome2_WT_2_supernatant_SF_SCX6;PXD010538;1637;11;
641;31754;SHSY5Y;160923_A12_FullProteome2_WT_3_supernatant_SF_SCX12;PXD010538;1300;12;
642;31755;SHSY5Y;160923_A12_FullProteome2_WT_3_supernatant_SF_SCX3;PXD010538;1717;12;
643;31756;SHSY5Y;160923_A12_FullProteome2_WT_3_supernatant_SF_SCX4;PXD010538;1663;12;
644;31757;SHSY5Y;160923_A12_FullProteome2_WT_3_supernatant_SF_SCX5;PXD010538;1684;12;
645;31758;SHSY5Y;160923_A12_FullProteome2_WT_3_supernatant_SF_SCX6;PXD010538;1645;12;
646;31759;SHSY5Y;160923_A12_FullProteome2_WT_4_supernatant_SF_SCX12;PXD010538;1416;13;
647;31760;SHSY5Y;160923_A12_FullProteome2_WT_4_supernatant_SF_SCX3;PXD010538;1720;13;
648;31761;SHSY5Y;160923_A12_FullProteome2_WT_4_supernatant_SF_SCX4;PXD010538;1648;13;
649;31762;SHSY5Y;160923_A12_FullProteome2_WT_4_supernatant_SF_SCX5;PXD010538;1659;13;
650;31763;SHSY5Y;160923_A12_FullProteome2_WT_4_supernatant_SF_SCX6;PXD010538;1614;13;
651;31764;SHSY5Y;160923_A12_FullProteome2_WT_5_supernatant_SF_SCX12;PXD010538;1503;14;
652;31765;SHSY5Y;160923_A12_FullProteome2_WT_5_supernatant_SF_SCX3;PXD010538;1729;14;
653;31766;SHSY5Y;160923_A12_FullProteome2_WT_5_supernatant_SF_SCX4;PXD010538;1699;14;
654;31767;SHSY5Y;160923_A12_FullProteome2_WT_5_supernatant_SF_SCX5;PXD010538;1704;14;
655;31768;SHSY5Y;160923_A12_FullProteome2_WT_5_supernatant_SF_SCX6;PXD010538;1551;14;
656;31769;SHSY5Y;160923_A12_FullProteome2_WT_6_supernatant_SF_SCX12;PXD010538;1402;15;
657;31770;SHSY5Y;160923_A12_FullProteome2_WT_6_supernatant_SF_SCX3;PXD010538;1775;15;
658;31771;SHSY5Y;160923_A12_FullProteome2_WT_6_supernatant_SF_SCX4;PXD010538;1716;15;
659;31772;SHSY5Y;160923_A12_FullProteome2_WT_6_supernatant_SF_SCX6;PXD010538;1795;15;
660;31773;SHSY5Y;160923_A12_FullProteome2_WT_6_supernatant_SF_SCX6_161214131311;PXD010538;1630;15;
661;31774;SHSY5Y;160923_A12_FullProteome2_WT_7_supernatant_Rapa_SCX12;PXD010538;1324;16;
662;31775;SHSY5Y;160923_A12_FullProteome2_WT_7_supernatant_Rapa_SCX3;PXD010538;1669;16;
663;31776;SHSY5Y;160923_A12_FullProteome2_WT_7_supernatant_Rapa_SCX4;PXD010538;1670;16;
664;31777;SHSY5Y;160923_A12_FullProteome2_WT_7_supernatant_Rapa_SCX5;PXD010538;1725;16;
665;31778;SHSY5Y;160923_A12_FullProteome2_WT_7_supernatant_Rapa_SCX6;PXD010538;1724;16;
666;31779;SHSY5Y;160923_A12_FullProteome2_WT_8_supernatant_Rapa_SCX12;PXD010538;1392;17;
667;31780;SHSY5Y;160923_A12_FullProteome2_WT_8_supernatant_Rapa_SCX3;PXD010538;1744;17;
668;31781;SHSY5Y;160923_A12_FullProteome2_WT_8_supernatant_Rapa_SCX4;PXD010538;1692;17;
669;31782;SHSY5Y;160923_A12_FullProteome2_WT_8_supernatant_Rapa_SCX5;PXD010538;1753;17;
670;31783;SHSY5Y;160923_A12_FullProteome2_WT_8_supernatant_Rapa_SCX6;PXD010538;1710;17;
671;31784;SHSY5Y;160923_A12_FullProteome2_WT_9_supernatant_Rapa_SCX12;PXD010538;1545;18;
672;31785;SHSY5Y;160923_A12_FullProteome2_WT_9_supernatant_Rapa_SCX3;PXD010538;1669;18;
673;31786;SHSY5Y;160923_A12_FullProteome2_WT_9_supernatant_Rapa_SCX4;PXD010538;1687;18;
674;31787;SHSY5Y;160923_A12_FullProteome2_WT_9_supernatant_Rapa_SCX5;PXD010538;1756;18;
675;31788;SHSY5Y;160923_A12_FullProteome2_WT_9_supernatant_Rapa_SCX6;PXD010538;1707;18;
676;32043;MDA-MB-231;MDA-MB-231_CC_CisPt;PXD009442;816;0;
677;32044;MDA-MB-231;MDA-MB-231_CC_control;PXD009442;1121;0;
678;32045;MDA-MB-231;MDA-MB-231_CC_cyclo;PXD009442;1019;0;
679;32046;MDA-MB-231;MDA-MB-231_CC_Dox;PXD009442;1106;0;
680;32047;MDA-MB-231;MDA-MB-231_CSC_control;PXD009442;1075;0;
681;32081;SKNBE2;20161017_QEp5_PiSc_SA_mock_48h_2;PXD009560;3974;0;
682;32082;SKNBE2;20161017_QEp5_PiSc_SA_mock_48h_3;PXD009560;3931;0;
683;32083;SKNBE2;20161017_QEp5_PiSc_SA_mock_48h_4;PXD009560;3880;0;
684;32084;SKNBE2;20161017_QEp5_PiSc_SA_mock_72h_1;PXD009560;3934;0;
685;32085;SKNBE2;20161017_QEp5_PiSc_SA_mock_72h_2;PXD009560;3913;0;
686;32086;SKNBE2;20161017_QEp5_PiSc_SA_mock_72h_3;PXD009560;3788;0;
687;32087;SKNBE2;20161017_QEp5_PiSc_SA_mock_72h_4;PXD009560;3812;0;
688;32088;SKNBE2;20161018_QEp5_PiSc_SA_ZIKV_24h_1;PXD009560;3936;0;
689;32089;SKNBE2;20161018_QEp5_PiSc_SA_ZIKV_24h_2;PXD009560;3879;0;
690;32090;SKNBE2;20161018_QEp5_PiSc_SA_ZIKV_24h_3;PXD009560;3907;0;
691;32091;SKNBE2;20161018_QEp5_PiSc_SA_ZIKV_24h_4;PXD009560;3853;0;
692;32092;SKNBE2;20161018_QEp5_PiSc_SA_ZIKV_48h_1;PXD009560;3868;0;
693;32093;SKNBE2;20161018_QEp5_PiSc_SA_ZIKV_48h_2;PXD009560;3842;0;
694;32094;SKNBE2;20161018_QEp5_PiSc_SA_ZIKV_48h_3;PXD009560;3933;0;
695;32095;SKNBE2;20161018_QEp5_PiSc_SA_ZIKV_48h_4;PXD009560;3876;0;
696;32096;SKNBE2;20161018_QEp5_PiSc_SA_ZIKV_72h_1;PXD009560;3731;0;
697;32097;SKNBE2;20161018_QEp5_PiSc_SA_ZIKV_72h_2;PXD009560;3664;0;
698;32098;SKNBE2;20161018_QEp5_PiSc_SA_ZIKV_72h_3;PXD009560;3709;0;
699;32099;SKNBE2;20161018_QEp5_PiSc_SA_ZIKV_72h_4;PXD009560;2128;0;
700;32100;SKNBE2;20161021_QEp5_PiSc_SA_mock_24h_1;PXD009560;3843;0;
701;32101;SKNBE2;20161021_QEp5_PiSc_SA_mock_24h_2;PXD009560;3873;0;
702;32102;SKNBE2;20161021_QEp5_PiSc_SA_mock_24h_3;PXD009560;3777;0;
703;32103;SKNBE2;20161021_QEp5_PiSc_SA_mock_24h_4;PXD009560;3833;0;
704;32104;SKNBE2;20161021_QEp5_PiSc_SA_mock_48h_1;PXD009560;3827;0;
705;32105;A2780;A2780-1;PXD003252;1197;0;
706;32106;A2780;A2780-2;PXD003252;1231;0;
707;32107;A2780;A2780-DR control-1;PXD003252;1044;0;
708;32108;A2780;A2780-DR control-2;PXD003252;1010;0;
709;32109;A2780;A2780-DR H19si-1;PXD003252;1040;0;
710;32110;A2780;A2780-DR H19si-2;PXD003252;1202;0;
711;32111;A2780;A2780-DR-1;PXD003252;1145;0;
712;32112;A2780;A2780-DR-2;PXD003252;1171;0;
713;32149;MCF7;20170210_MCF7_LysC_Null_1a;PXD007543;1724;0;
714;32150;MCF7;20170210_MCF7_LysC_Null_1b;PXD007543;1639;0;
715;32151;MCF7;20170210_MCF7_LysC_Null_2a;PXD007543;1772;0;
716;32152;MCF7;20170210_MCF7_LysC_Null_2b;PXD007543;1659;0;
717;32153;MCF7;20170210_MCF7_LysC_Null_3a;PXD007543;1663;0;
718;32154;MCF7;20170210_MCF7_LysC_Null_3b;PXD007543;1642;0;
719;32155;MCF7;20170210_MCF7_LysC_WT_1a;PXD007543;1548;0;
720;32156;MCF7;20170210_MCF7_LysC_WT_1b;PXD007543;1560;0;
721;32157;MCF7;20170210_MCF7_LysC_WT_2a;PXD007543;1688;0;
722;32158;MCF7;20170210_MCF7_LysC_WT_2b;PXD007543;1629;0;
723;32159;MCF7;20170210_MCF7_LysC_WT_3a;PXD007543;1555;0;
724;32160;MCF7;20170210_MCF7_LysC_WT_3b;PXD007543;1539;0;
725;32161;MCF7;20170210_MCF7_Trypsin_Null_1a;PXD007543;2043;0;
726;32162;MCF7;20170210_MCF7_Trypsin_Null_1b;PXD007543;1921;0;
727;32163;MCF7;20170210_MCF7_Trypsin_Null_2a;PXD007543;2223;0;
728;32164;MCF7;20170210_MCF7_Trypsin_Null_2b;PXD007543;2088;0;
729;32165;MCF7;20170210_MCF7_Trypsin_Null_3a;PXD007543;2259;0;
730;32166;MCF7;20170210_MCF7_Trypsin_Null_3b;PXD007543;2124;0;
731;32167;MCF7;20170210_MCF7_Trypsin_WT_1a;PXD007543;2154;0;
732;32168;MCF7;20170210_MCF7_Trypsin_WT_1b;PXD007543;2133;0;
733;32169;MCF7;20170210_MCF7_Trypsin_WT_2a;PXD007543;1966;0;
734;32170;MCF7;20170210_MCF7_Trypsin_WT_2b;PXD007543;1991;0;
735;32171;MCF7;20170210_MCF7_Trypsin_WT_3a;PXD007543;2041;0;
736;32172;MCF7;20170210_MCF7_Trypsin_WT_3b;PXD007543;2107;0;
737;32173;HEK293;EOT12-1010;PXD008693;244;1;uncertain, where are the other assays?
738;32176;HEK293;EOT12-1013;PXD008693;1252;1;uncertain, where are the other assays?
739;32177;HEK293;EOT12-1014;PXD008693;1655;1;uncertain, where are the other assays?
740;32178;HEK293;EOT12-1015;PXD008693;1230;1;uncertain, where are the other assays?
741;32179;HEK293;EOT12-1016;PXD008693;1044;1;uncertain, where are the other assays?
742;32180;HEK293;EOT12-1017;PXD008693;1145;1;uncertain, where are the other assays?
743;32181;HEK293;EOT12-1018;PXD008693;1122;1;uncertain, where are the other assays?
744;32182;HEK293;EOT12-1019;PXD008693;1181;1;uncertain, where are the other assays?
745;32183;HEK293;EOT12-1020;PXD008693;775;1;uncertain, where are the other assays?
746;32184;HEK293;EOT12-1021;PXD008693;514;1;uncertain, where are the other assays?
747;32185;HEK293;EOT12-1022;PXD008693;91;1;uncertain, where are the other assays?
748;32186;HEK293;EOT12-1023;PXD008693;54;1;uncertain, where are the other assays?
749;32187;HEK293;EOT12-1024;PXD008693;28;1;uncertain, where are the other assays?
750;32188;HEK293;EOT12-1025;PXD008693;79;1;uncertain, where are the other assays?
751;32207;Jurkat;V14707_PolyASN_test_445_Jurkat__31-05-2013_LMA0_fr5_130610002205;PXD000426;257;2;
752;32208;Jurkat;V14708_PolyASN_test_445_Jurkat__31-05-2013_LMA0_fr6_130610011337;PXD000426;280;2;
753;32209;Jurkat;V14709_PolyASN_test_361_Jurkat__31-05-2013_LMA0_fr5_130610020453;PXD000426;251;1;
754;32210;Jurkat;V14710_PolyASN_test_361_Jurkat__31-05-2013_LMA0_fr6;PXD000426;245;1;
755;32211;Jurkat;V14711_PolyASN_test_445_Jurkat_2ul_31-05-2013_LMA0_fr7;PXD000426;236;2;
756;32212;Jurkat;V14712_PolyASN_test_445_Jurkat__31-05-2013_LMA0_fr8;PXD000426;310;2;
757;32213;Jurkat;V14713_PolyASN_test_361_Jurkat_2ul_31-05-2013_LMA0_fr7;PXD000426;223;1;
758;32214;Jurkat;V14714_PolyASN_test_361_Jurkat__31-05-2013_LMA0_fr8;PXD000426;310;1;
759;32215;Jurkat;V14715_PolyASN_test_445_Jurkat__31-05-2013_LMA0_fr9;PXD000426;263;2;
760;32216;Jurkat;V14716_PolyASN_test_445_Jurkat__31-05-2013_LMA0_fr10;PXD000426;280;2;
761;32217;Jurkat;V14717_PolyASN_test_361_Jurkat__31-05-2013_LMA0_fr9;PXD000426;256;1;
762;32218;Jurkat;V14718_PolyASN_test_361_Jurkat__31-05-2013_LMA0_fr10;PXD000426;272;1;
763;32219;Jurkat;V14719_PolyASN_test_445_Jurkat__31-05-2013_LMA0_fr11;PXD000426;276;2;
764;32220;Jurkat;V14720_PolyASN_test_445_Jurkat__31-05-2013_LMA0_fr12_130610153425;PXD000426;305;2;
765;32221;Jurkat;V14721_PolyASN_test_361_Jurkat__31-05-2013_LMA0_fr11_130610162550;PXD000426;260;1;
766;32222;Jurkat;V14722_PolyASN_test_361_Jurkat__31-05-2013_LMA0_fr12;PXD000426;299;1;
767;32223;Jurkat;V14723_PolyASN_test_445_Jurkat__31-05-2013_LMA0_fr13;PXD000426;273;2;
768;32224;Jurkat;V14724_PolyASN_test_445_Jurkat__31-05-2013_LMA0_fr14;PXD000426;261;2;
769;32225;Jurkat;V14725_PolyASN_test_361_Jurkat__31-05-2013_LMA0_fr13;PXD000426;265;1;
770;32226;Jurkat;V14726_PolyASN_test_361_Jurkat__31-05-2013_LMA0_fr14;PXD000426;271;1;
771;32227;Jurkat;V14727_PolyASN_test_445_Jurkat__31-05-2013_LMA0_fr15;PXD000426;240;2;
772;32228;Jurkat;V14728_PolyASN_test_445_Jurkat__31-05-2013_LMA0_fr16;PXD000426;257;2;
773;32229;Jurkat;V14729_PolyASN_test_361_Jurkat__31-05-2013_LMA0_fr15;PXD000426;240;1;
774;32230;Jurkat;V14730_PolyASN_test_361_Jurkat__31-05-2013_LMA0_fr16;PXD000426;261;1;
775;32231;Jurkat;V14731_PolyASN_test_445_Jurkat__31-05-2013_LMA0_fr17;PXD000426;247;2;
776;32232;Jurkat;V14732_PolyASN_test_445_Jurkat__31-05-2013_LMA0_fr18;PXD000426;281;2;
777;32233;Jurkat;V14733_PolyASN_test_361_Jurkat__31-05-2013_LMA0_fr17;PXD000426;239;1;
778;32234;Jurkat;V14734_PolyASN_test_361_Jurkat__31-05-2013_LMA0_fr18;PXD000426;273;1;
779;32235;Jurkat;V14735_PolyASN_test_445_Jurkat__31-05-2013_LMA0_fr19;PXD000426;267;2;
780;32236;Jurkat;V14736_PolyASN_test_445_Jurkat__31-05-2013_LMA0_fr20;PXD000426;274;2;
781;32237;Jurkat;V14737_PolyASN_test_361_Jurkat__31-05-2013_LMA0_fr19;PXD000426;260;1;
782;32238;Jurkat;V14738_PolyASN_test_361_Jurkat__31-05-2013_LMA0_fr20;PXD000426;292;1;
783;32239;Jurkat;V14783_PolyASN_test_445_Jurkat__31-05-2013_LMA0_fr2;PXD000426;308;2;
784;32240;Jurkat;V14785_PolyASN_test_361_Jurkat__31-05-2013_LMA0_fr2;PXD000426;298;1;
785;32241;Jurkat;V14786_PolyASN_test_445_Jurkat__31-05-2013_LMA0_fr3;PXD000426;270;2;
786;32242;Jurkat;V14787_PolyASN_test_445_Jurkat__31-05-2013_LMA0_fr4;PXD000426;261;2;
787;32243;Jurkat;V14788_PolyASN_test_361_Jurkat__31-05-2013_LMA0_fr3;PXD000426;275;1;
788;32244;Jurkat;V14789_PolyASN_test_361_Jurkat__31-05-2013_LMA0_fr4;PXD000426;254;1;
789;32245;Jurkat;V14790_PolyASN_test_445_Jurkat__31-05-2013_LMA0_fr1_130617185057;PXD000426;326;2;
790;32246;Jurkat;V14791_PolyASN_test_361_Jurkat__31-05-2013_LMA0_fr1_130617170822;PXD000426;316;1;
791;32247;Jurkat;V14982_PolyASN_test_445_Jurkat__16-06-2013_LMA2_fr1;PXD000426;246;2;
792;32248;Jurkat;V14983_PolyASN_test_445_Jurkat__16-06-2013_LMA2_fr2;PXD000426;223;2;
793;32249;Jurkat;V14984_PolyASN_test_361_Jurkat__16-06-2013_LMA2_fr1;PXD000426;223;1;
794;32250;Jurkat;V14985_PolyASN_test_361_Jurkat__16-06-2013_LMA2_fr2;PXD000426;229;1;
795;32251;Jurkat;V14986_PolyASN_test_445_Jurkat__16-06-2013_LMA5_fr3;PXD000426;228;2;
796;32252;Jurkat;V14987_PolyASN_test_445_Jurkat__16-06-2013_LMA5_fr4;PXD000426;208;2;
797;32253;Jurkat;V14988_PolyASN_test_361_Jurkat__16-06-2013_LMA5_fr3;PXD000426;187;1;
798;32254;Jurkat;V14989_PolyASN_test_361_Jurkat__16-06-2013_LMA5_fr4;PXD000426;199;1;
799;32255;Jurkat;V14990_PolyASN_test_445_Jurkat__16-06-2013_LMA5_fr5;PXD000426;213;2;
800;32256;Jurkat;V14991_PolyASN_test_445_Jurkat__16-06-2013_LMA5_fr6;PXD000426;212;2;
801;32257;Jurkat;V14992_PolyASN_test_361_Jurkat__16-06-2013_LMA5_fr5;PXD000426;200;1;
802;32258;Jurkat;V14993_PolyASN_test_361_Jurkat__16-06-2013_LMA5_fr6;PXD000426;223;1;
803;32259;Jurkat;V14994_PolyASN_test_445_Jurkat__16-06-2013_LMA5_fr7;PXD000426;206;2;
804;32260;Jurkat;V14995_PolyASN_test_445_Jurkat__16-06-2013_LMA5_fr8;PXD000426;257;2;
805;32261;Jurkat;V14996_PolyASN_test_361_Jurkat__16-06-2013_LMA5_fr7;PXD000426;195;1;
806;32262;Jurkat;V14997_PolyASN_test_361_Jurkat__16-06-2013_LMA5_fr8;PXD000426;273;1;
807;32263;Jurkat;V14998_PolyASN_test_445_Jurkat__16-06-2013_LMA5_fr9;PXD000426;221;2;
808;32264;Jurkat;V14999_PolyASN_test_445_Jurkat__16-06-2013_LMA5_fr10;PXD000426;240;2;
809;32265;Jurkat;V15000_PolyASN_test_361_Jurkat__16-06-2013_LMA5_fr9;PXD000426;209;1;
810;32266;Jurkat;V15001_PolyASN_test_361_Jurkat__16-06-2013_LMA5_fr10;PXD000426;259;1;
811;32267;Jurkat;V15002_PolyASN_test_445_Jurkat__16-06-2013_LMA5_fr11;PXD000426;264;2;
812;32268;Jurkat;V15003_PolyASN_test_445_Jurkat__16-06-2013_LMA5_fr12;PXD000426;279;2;
813;32269;Jurkat;V15004_PolyASN_test_361_Jurkat__16-06-2013_LMA5_fr11;PXD000426;256;1;
814;32270;Jurkat;V15005_PolyASN_test_361_Jurkat__16-06-2013_LMA5_fr12;PXD000426;278;1;
815;32271;Jurkat;V15006_PolyASN_test_445_Jurkat__16-06-2013_LMA5_fr13;PXD000426;263;2;
816;32272;Jurkat;V15007_PolyASN_test_445_Jurkat__16-06-2013_LMA5_fr14;PXD000426;257;2;
817;32273;Jurkat;V15008_PolyASN_test_361_Jurkat__16-06-2013_LMA5_fr13;PXD000426;287;1;
818;32274;Jurkat;V15009_PolyASN_test_361_Jurkat__16-06-2013_LMA5_fr14;PXD000426;253;1;
819;32275;Jurkat;V15010_PolyASN_test_445_Jurkat__16-06-2013_LMA5_fr15;PXD000426;219;2;
820;32276;Jurkat;V15011_PolyASN_test_445_Jurkat__16-06-2013_LMA5_fr16;PXD000426;271;2;
821;32277;Jurkat;V15012_PolyASN_test_361_Jurkat__16-06-2013_LMA5_fr15;PXD000426;245;1;
822;32278;Jurkat;V15013_PolyASN_test_361_Jurkat__16-06-2013_LMA5_fr16;PXD000426;250;1;
823;32279;Jurkat;V15014_PolyASN_test_445_Jurkat__16-06-2013_LMA5_fr17;PXD000426;240;2;
824;32280;Jurkat;V15015_PolyASN_test_445_Jurkat__16-06-2013_LMA5_fr18;PXD000426;244;2;
825;32281;Jurkat;V15016_PolyASN_test_361_Jurkat__16-06-2013_LMA5_fr17;PXD000426;253;1;
826;32282;Jurkat;V15017_PolyASN_test_361_Jurkat__16-06-2013_LMA5_fr18;PXD000426;252;1;
827;32283;Jurkat;V15018_PolyASN_test_445_Jurkat__16-06-2013_LMA5_fr19;PXD000426;263;2;
828;32284;Jurkat;V15019_PolyASN_test_445_Jurkat__16-06-2013_LMA5_fr20;PXD000426;244;2;
829;32285;Jurkat;V15020_PolyASN_test_361_Jurkat__16-06-2013_LMA5_fr19;PXD000426;243;1;
830;32286;Jurkat;V15021_PolyASN_test_361_Jurkat__16-06-2013_LMA5_fr20;PXD000426;240;1;
831;32287;U87;P15452_D_ZHI;PXD007759;1296;0;
832;32288;U87;P15452_D_ZHI_151114034033;PXD007759;1325;0;
833;32289;U87;P15452_D_ZHI_151114064020;PXD007759;1295;0;
834;32290;U87;P15452_T_ZHI;PXD007759;1409;0;
835;32291;U87;P15452_T_ZHI_151113094012;PXD007759;1423;0;
836;32292;U87;P15452_T_ZHI_151113124048;PXD007759;1392;0;
837;32890;HT29;CFP_HT29_28m_1;PXD018066;1863;0;
838;32891;HT29;CFP_HT29_28m_2;PXD018066;1823;0;
839;32892;HT29;CFP_HT29_28m_3;PXD018066;2073;0;
840;32893;THP1;20190828_Lumos_ML_NP_EXP1_M0_Rep1;PXD017391;2933;0;
841;32894;THP1;20190828_Lumos_ML_NP_EXP1_M0_Rep2;PXD017391;2990;0;
842;32895;THP1;20190828_Lumos_ML_NP_EXP1_M0_Rep3;PXD017391;2951;0;
843;32896;THP1;20190828_Lumos_ML_NP_EXP1_M1_48h_Rep1;PXD017391;2840;0;
844;32897;THP1;20190828_Lumos_ML_NP_EXP1_M1_48h_Rep2;PXD017391;2753;0;
845;32898;THP1;20190828_Lumos_ML_NP_EXP1_M1_48h_Rep3;PXD017391;2798;0;
846;32899;THP1;20190828_Lumos_ML_NP_EXP1_M1_6h_Rep1;PXD017391;2977;0;
847;32900;THP1;20190828_Lumos_ML_NP_EXP1_M1_6h_Rep2;PXD017391;2999;0;
848;32901;THP1;20190828_Lumos_ML_NP_EXP1_M1_6h_Rep3;PXD017391;2996;0;
849;32902;THP1;20190828_Lumos_ML_NP_EXP1_M2_24h_Rep1;PXD017391;2901;0;
850;32903;THP1;20190828_Lumos_ML_NP_EXP1_M2_24h_Rep2;PXD017391;2936;0;
851;32904;THP1;20190828_Lumos_ML_NP_EXP1_M2_24h_Rep3;PXD017391;2937;0;
852;32905;THP1;20190828_Lumos_ML_NP_EXP1_M2_48h_Rep1;PXD017391;2901;0;
853;32906;THP1;20190828_Lumos_ML_NP_EXP1_M2_48h_Rep2;PXD017391;2912;0;
854;32907;THP1;20190828_Lumos_ML_NP_EXP1_M2_48h_Rep3;PXD017391;2923;0;
855;32908;THP1;20190828_Lumos_ML_NP_EXP1_ND_Rep1;PXD017391;3057;0;
856;32909;THP1;20190828_Lumos_ML_NP_EXP1_ND_Rep2;PXD017391;3056;0;
857;32910;THP1;20190828_Lumos_ML_NP_EXP1_ND_Rep3;PXD017391;3068;0;
858;32911;HT29;Ep_cells_HT29_27000;PXD016742;1474;0;
