model;fold;micro_f1;cv_macro_f1;macro_f1;weighted_f1;cm;best_params;oversampler
LogisticRegression;1;1.0;0.996634734441186;1.0;1.0;"[[ 3  0  0  0  0  0  0  0  0  0  0  0  0  0  0]
 [ 0 10  0  0  0  0  0  0  0  0  0  0  0  0  0]
 [ 0  0  5  0  0  0  0  0  0  0  0  0  0  0  0]
 [ 0  0  0  3  0  0  0  0  0  0  0  0  0  0  0]
 [ 0  0  0  0 20  0  0  0  0  0  0  0  0  0  0]
 [ 0  0  0  0  0  2  0  0  0  0  0  0  0  0  0]
 [ 0  0  0  0  0  0  5  0  0  0  0  0  0  0  0]
 [ 0  0  0  0  0  0  0 15  0  0  0  0  0  0  0]
 [ 0  0  0  0  0  0  0  0  5  0  0  0  0  0  0]
 [ 0  0  0  0  0  0  0  0  0  5  0  0  0  0  0]
 [ 0  0  0  0  0  0  0  0  0  0  5  0  0  0  0]
 [ 0  0  0  0  0  0  0  0  0  0  0 12  0  0  0]
 [ 0  0  0  0  0  0  0  0  0  0  0  0  4  0  0]
 [ 0  0  0  0  0  0  0  0  0  0  0  0  0  2  0]
 [ 0  0  0  0  0  0  0  0  0  0  0  0  0  0  8]]";{'C': 94.15309233842581, 'class_weight': None, 'dual': False, 'max_iter': 10000, 'penalty': 'l2', 'solver': 'liblinear'};SMOTE
LogisticRegression;1;0.971153846153846;0.9914483043135794;0.9584031754931672;0.9716853000284456;"[[ 3  0  0  0  0  0  0  0  0  0  0  0  0  0  0]
 [ 0 10  0  0  0  0  0  0  0  0  0  0  0  0  0]
 [ 0  0  5  0  0  0  0  0  0  0  0  0  0  0  0]
 [ 0  0  0  3  0  0  0  0  0  0  0  0  0  0  0]
 [ 0  0  0  0 20  0  0  0  0  0  0  0  0  0  0]
 [ 0  0  0  0  0  2  0  0  0  0  0  0  0  0  0]
 [ 0  0  0  0  0  0  5  0  0  0  0  0  0  0  0]
 [ 0  0  0  0  0  1  0 14  0  0  0  0  0  0  0]
 [ 0  0  0  0  1  0  0  0  4  0  0  0  0  0  0]
 [ 0  0  0  0  0  0  0  0  0  5  0  0  0  0  0]
 [ 0  0  0  1  0  0  0  0  0  0  4  0  0  0  0]
 [ 0  0  0  0  0  0  0  0  0  0  0 12  0  0  0]
 [ 0  0  0  0  0  0  0  0  0  0  0  0  4  0  0]
 [ 0  0  0  0  0  0  0  0  0  0  0  0  0  2  0]
 [ 0  0  0  0  0  0  0  0  0  0  0  0  0  0  8]]";{'C': 68.236870491759, 'class_weight': None, 'dual': False, 'max_iter': 10000, 'penalty': 'l1', 'solver': 'liblinear'};SMOTE
SVC;1;0.9903846153846154;0.9991658520690778;0.99096657633243;0.9899676881384198;"[[ 3  0  0  0  0  0  0  0  0  0  0  0  0  0  0]
 [ 0 10  0  0  0  0  0  0  0  0  0  0  0  0  0]
 [ 0  0  5  0  0  0  0  0  0  0  0  0  0  0  0]
 [ 0  0  0  3  0  0  0  0  0  0  0  0  0  0  0]
 [ 0  0  0  0 20  0  0  0  0  0  0  0  0  0  0]
 [ 0  0  0  0  0  2  0  0  0  0  0  0  0  0  0]
 [ 0  0  0  0  0  0  5  0  0  0  0  0  0  0  0]
 [ 0  0  0  0  0  0  0 15  0  0  0  0  0  0  0]
 [ 0  0  0  0  1  0  0  0  4  0  0  0  0  0  0]
 [ 0  0  0  0  0  0  0  0  0  5  0  0  0  0  0]
 [ 0  0  0  0  0  0  0  0  0  0  5  0  0  0  0]
 [ 0  0  0  0  0  0  0  0  0  0  0 12  0  0  0]
 [ 0  0  0  0  0  0  0  0  0  0  0  0  4  0  0]
 [ 0  0  0  0  0  0  0  0  0  0  0  0  0  2  0]
 [ 0  0  0  0  0  0  0  0  0  0  0  0  0  0  8]]";{'C': 27.636356902534683, 'class_weight': None, 'decision_function_shape': 'ovr', 'kernel': 'rbf'};SMOTE
RandomForestClassifier;1;0.971153846153846;0.991636334036092;0.9851655368896748;0.9716866172436464;"[[ 3  0  0  0  0  0  0  0  0  0  0  0  0  0  0]
 [ 0 10  0  0  0  0  0  0  0  0  0  0  0  0  0]
 [ 0  0  5  0  0  0  0  0  0  0  0  0  0  0  0]
 [ 0  0  0  3  0  0  0  0  0  0  0  0  0  0  0]
 [ 0  0  0  0 18  0  0  0  0  0  0  0  0  0  2]
 [ 0  0  0  0  0  2  0  0  0  0  0  0  0  0  0]
 [ 0  0  0  0  0  0  5  0  0  0  0  0  0  0  0]
 [ 0  0  0  0  1  0  0 14  0  0  0  0  0  0  0]
 [ 0  0  0  0  0  0  0  0  5  0  0  0  0  0  0]
 [ 0  0  0  0  0  0  0  0  0  5  0  0  0  0  0]
 [ 0  0  0  0  0  0  0  0  0  0  5  0  0  0  0]
 [ 0  0  0  0  0  0  0  0  0  0  0 12  0  0  0]
 [ 0  0  0  0  0  0  0  0  0  0  0  0  4  0  0]
 [ 0  0  0  0  0  0  0  0  0  0  0  0  0  2  0]
 [ 0  0  0  0  0  0  0  0  0  0  0  0  0  0  8]]";{'n_estimators': 198, 'max_depth': 20, 'criterion': 'entropy', 'class_weight': None};SMOTE
LogisticRegression;1;1.0;0.9949902056619324;1.0;1.0;"[[ 3  0  0  0  0  0  0  0  0  0  0  0  0  0  0]
 [ 0 10  0  0  0  0  0  0  0  0  0  0  0  0  0]
 [ 0  0  5  0  0  0  0  0  0  0  0  0  0  0  0]
 [ 0  0  0  3  0  0  0  0  0  0  0  0  0  0  0]
 [ 0  0  0  0 20  0  0  0  0  0  0  0  0  0  0]
 [ 0  0  0  0  0  2  0  0  0  0  0  0  0  0  0]
 [ 0  0  0  0  0  0  5  0  0  0  0  0  0  0  0]
 [ 0  0  0  0  0  0  0 15  0  0  0  0  0  0  0]
 [ 0  0  0  0  0  0  0  0  5  0  0  0  0  0  0]
 [ 0  0  0  0  0  0  0  0  0  5  0  0  0  0  0]
 [ 0  0  0  0  0  0  0  0  0  0  5  0  0  0  0]
 [ 0  0  0  0  0  0  0  0  0  0  0 12  0  0  0]
 [ 0  0  0  0  0  0  0  0  0  0  0  0  4  0  0]
 [ 0  0  0  0  0  0  0  0  0  0  0  0  0  2  0]
 [ 0  0  0  0  0  0  0  0  0  0  0  0  0  0  8]]";{'C': 54.64392260896556, 'class_weight': None, 'dual': False, 'max_iter': 10000, 'penalty': 'l2', 'solver': 'liblinear'};SMOTE
LogisticRegression;1;0.9807692307692308;0.9949910202595212;0.977097288676236;0.9816617592933382;"[[ 3  0  0  0  0  0  0  0  0  0  0  0  0  0  0]
 [ 0 10  0  0  0  0  0  0  0  0  0  0  0  0  0]
 [ 0  0  5  0  0  0  0  0  0  0  0  0  0  0  0]
 [ 0  0  0  3  0  0  0  0  0  0  0  0  0  0  0]
 [ 0  0  0  0 18  0  0  0  0  1  0  0  0  1  0]
 [ 0  0  0  0  0  2  0  0  0  0  0  0  0  0  0]
 [ 0  0  0  0  0  0  5  0  0  0  0  0  0  0  0]
 [ 0  0  0  0  0  0  0 15  0  0  0  0  0  0  0]
 [ 0  0  0  0  0  0  0  0  5  0  0  0  0  0  0]
 [ 0  0  0  0  0  0  0  0  0  5  0  0  0  0  0]
 [ 0  0  0  0  0  0  0  0  0  0  5  0  0  0  0]
 [ 0  0  0  0  0  0  0  0  0  0  0 12  0  0  0]
 [ 0  0  0  0  0  0  0  0  0  0  0  0  4  0  0]
 [ 0  0  0  0  0  0  0  0  0  0  0  0  0  2  0]
 [ 0  0  0  0  0  0  0  0  0  0  0  0  0  0  8]]";{'C': 21.48438715383988, 'class_weight': None, 'dual': False, 'max_iter': 10000, 'penalty': 'l1', 'solver': 'liblinear'};SMOTE
SVC;1;0.9903846153846154;0.9941511509784756;0.99096657633243;0.9899676881384198;"[[ 3  0  0  0  0  0  0  0  0  0  0  0  0  0  0]
 [ 0 10  0  0  0  0  0  0  0  0  0  0  0  0  0]
 [ 0  0  5  0  0  0  0  0  0  0  0  0  0  0  0]
 [ 0  0  0  3  0  0  0  0  0  0  0  0  0  0  0]
 [ 0  0  0  0 20  0  0  0  0  0  0  0  0  0  0]
 [ 0  0  0  0  0  2  0  0  0  0  0  0  0  0  0]
 [ 0  0  0  0  0  0  5  0  0  0  0  0  0  0  0]
 [ 0  0  0  0  0  0  0 15  0  0  0  0  0  0  0]
 [ 0  0  0  0  1  0  0  0  4  0  0  0  0  0  0]
 [ 0  0  0  0  0  0  0  0  0  5  0  0  0  0  0]
 [ 0  0  0  0  0  0  0  0  0  0  5  0  0  0  0]
 [ 0  0  0  0  0  0  0  0  0  0  0 12  0  0  0]
 [ 0  0  0  0  0  0  0  0  0  0  0  0  4  0  0]
 [ 0  0  0  0  0  0  0  0  0  0  0  0  0  2  0]
 [ 0  0  0  0  0  0  0  0  0  0  0  0  0  0  8]]";{'C': 34.73738162711396, 'class_weight': None, 'decision_function_shape': 'ovr', 'kernel': 'rbf'};SMOTE
RandomForestClassifier;1;0.971153846153846;0.9873716402479844;0.9596296296296296;0.97008547008547;"[[ 3  0  0  0  0  0  0  0  0  0  0  0  0  0  0]
 [ 0 10  0  0  0  0  0  0  0  0  0  0  0  0  0]
 [ 0  0  4  0  1  0  0  0  0  0  0  0  0  0  0]
 [ 0  0  0  3  0  0  0  0  0  0  0  0  0  0  0]
 [ 0  0  0  0 19  0  0  0  0  0  0  0  0  0  1]
 [ 0  0  0  0  0  2  0  0  0  0  0  0  0  0  0]
 [ 0  0  0  0  0  0  5  0  0  0  0  0  0  0  0]
 [ 0  0  0  0  0  0  0 15  0  0  0  0  0  0  0]
 [ 0  0  0  0  0  0  0  0  5  0  0  0  0  0  0]
 [ 0  0  0  0  0  0  0  0  0  5  0  0  0  0  0]
 [ 0  0  0  0  0  0  0  0  0  0  5  0  0  0  0]
 [ 0  0  0  0  0  0  0  0  0  0  0 12  0  0  0]
 [ 0  0  0  0  0  0  0  0  0  0  0  0  4  0  0]
 [ 0  0  0  0  0  0  0  0  0  0  0  0  0  1  1]
 [ 0  0  0  0  0  0  0  0  0  0  0  0  0  0  8]]";{'n_estimators': 134, 'max_depth': 15, 'criterion': 'entropy', 'class_weight': None};SMOTE
LogisticRegression;2;0.9615384615384616;0.9949467148844232;0.9347472401130936;0.9587156068863384;"[[ 3  0  0  0  0  0  0  0  0  0  0  0  0  0  0]
 [ 0  9  0  0  0  0  0  0  0  0  0  0  0  0  0]
 [ 0  0  5  0  1  0  0  0  0  0  0  0  0  0  0]
 [ 0  0  0  3  0  0  0  0  0  0  0  0  0  0  0]
 [ 0  0  0  0 20  0  0  0  0  0  0  0  0  0  0]
 [ 0  0  0  0  0  1  0  1  0  0  0  0  0  0  0]
 [ 0  0  0  0  0  0  4  0  0  0  0  0  0  0  0]
 [ 0  0  0  0  0  0  0 16  0  0  0  0  0  0  0]
 [ 0  0  0  0  0  0  0  1  4  0  0  0  0  0  0]
 [ 0  0  0  0  0  0  0  0  0  4  0  0  0  0  0]
 [ 0  0  0  0  0  0  0  0  0  0  6  0  0  0  0]
 [ 0  0  0  0  0  0  0  0  0  0  0 12  0  0  0]
 [ 0  0  0  0  0  0  0  0  0  0  0  0  3  0  0]
 [ 0  0  0  0  0  0  0  1  0  0  0  0  0  1  0]
 [ 0  0  0  0  0  0  0  0  0  0  0  0  0  0  9]]";{'C': 3.62882508814828, 'class_weight': None, 'dual': False, 'max_iter': 10000, 'penalty': 'l2', 'solver': 'liblinear'};SMOTE
LogisticRegression;2;0.971153846153846;0.9931465281430604;0.9424338624338624;0.9686507936507937;"[[ 3  0  0  0  0  0  0  0  0  0  0  0  0  0  0]
 [ 0  9  0  0  0  0  0  0  0  0  0  0  0  0  0]
 [ 0  0  6  0  0  0  0  0  0  0  0  0  0  0  0]
 [ 0  0  0  3  0  0  0  0  0  0  0  0  0  0  0]
 [ 0  0  0  0 20  0  0  0  0  0  0  0  0  0  0]
 [ 0  0  0  0  0  1  0  1  0  0  0  0  0  0  0]
 [ 0  0  0  0  0  0  4  0  0  0  0  0  0  0  0]
 [ 0  0  0  0  0  0  0 16  0  0  0  0  0  0  0]
 [ 0  0  0  0  0  0  0  1  4  0  0  0  0  0  0]
 [ 0  0  0  0  0  0  0  0  0  4  0  0  0  0  0]
 [ 0  0  0  0  0  0  0  0  0  0  6  0  0  0  0]
 [ 0  0  0  0  0  0  0  0  0  0  0 12  0  0  0]
 [ 0  0  0  0  0  0  0  0  0  0  0  0  3  0  0]
 [ 0  0  0  0  0  0  0  1  0  0  0  0  0  1  0]
 [ 0  0  0  0  0  0  0  0  0  0  0  0  0  0  9]]";{'C': 85.87111979315326, 'class_weight': None, 'dual': False, 'max_iter': 10000, 'penalty': 'l1', 'solver': 'liblinear'};SMOTE
SVC;2;0.9615384615384616;0.9966585015237768;0.9347472401130936;0.9587156068863384;"[[ 3  0  0  0  0  0  0  0  0  0  0  0  0  0  0]
 [ 0  9  0  0  0  0  0  0  0  0  0  0  0  0  0]
 [ 0  0  5  0  1  0  0  0  0  0  0  0  0  0  0]
 [ 0  0  0  3  0  0  0  0  0  0  0  0  0  0  0]
 [ 0  0  0  0 20  0  0  0  0  0  0  0  0  0  0]
 [ 0  0  0  0  0  1  0  1  0  0  0  0  0  0  0]
 [ 0  0  0  0  0  0  4  0  0  0  0  0  0  0  0]
 [ 0  0  0  0  0  0  0 16  0  0  0  0  0  0  0]
 [ 0  0  0  0  0  0  0  1  4  0  0  0  0  0  0]
 [ 0  0  0  0  0  0  0  0  0  4  0  0  0  0  0]
 [ 0  0  0  0  0  0  0  0  0  0  6  0  0  0  0]
 [ 0  0  0  0  0  0  0  0  0  0  0 12  0  0  0]
 [ 0  0  0  0  0  0  0  0  0  0  0  0  3  0  0]
 [ 0  0  0  0  0  0  0  1  0  0  0  0  0  1  0]
 [ 0  0  0  0  0  0  0  0  0  0  0  0  0  0  9]]";{'C': 4.239018431270682, 'class_weight': None, 'decision_function_shape': 'ovr', 'kernel': 'rbf'};SMOTE
RandomForestClassifier;2;0.9423076923076924;0.9880846759352702;0.9162911884583712;0.9411181353905812;"[[ 3  0  0  0  0  0  0  0  0  0  0  0  0  0  0]
 [ 0  9  0  0  0  0  0  0  0  0  0  0  0  0  0]
 [ 0  0  5  0  1  0  0  0  0  0  0  0  0  0  0]
 [ 0  0  0  3  0  0  0  0  0  0  0  0  0  0  0]
 [ 0  0  0  0 19  0  0  0  0  0  0  0  0  0  1]
 [ 0  0  0  0  0  1  0  1  0  0  0  0  0  0  0]
 [ 0  0  0  0  0  0  4  0  0  0  0  0  0  0  0]
 [ 0  0  0  0  0  1  0 15  0  0  0  0  0  0  0]
 [ 0  0  0  0  0  0  0  1  4  0  0  0  0  0  0]
 [ 0  0  0  0  0  0  0  0  0  4  0  0  0  0  0]
 [ 0  0  0  0  0  0  0  0  0  0  6  0  0  0  0]
 [ 0  0  0  0  0  0  0  0  0  0  0 12  0  0  0]
 [ 0  0  0  0  0  0  0  0  0  0  0  0  3  0  0]
 [ 0  0  0  0  0  0  0  1  0  0  0  0  0  1  0]
 [ 0  0  0  0  0  0  0  0  0  0  0  0  0  0  9]]";{'n_estimators': 54, 'max_depth': 20, 'criterion': 'entropy', 'class_weight': None};SMOTE
LogisticRegression;3;1.0;0.9991658520690778;1.0;1.0;"[[ 3  0  0  0  0  0  0  0  0  0  0  0  0  0  0]
 [ 0  9  0  0  0  0  0  0  0  0  0  0  0  0  0]
 [ 0  0  5  0  0  0  0  0  0  0  0  0  0  0  0]
 [ 0  0  0  3  0  0  0  0  0  0  0  0  0  0  0]
 [ 0  0  0  0 20  0  0  0  0  0  0  0  0  0  0]
 [ 0  0  0  0  0  2  0  0  0  0  0  0  0  0  0]
 [ 0  0  0  0  0  0  5  0  0  0  0  0  0  0  0]
 [ 0  0  0  0  0  0  0 16  0  0  0  0  0  0  0]
 [ 0  0  0  0  0  0  0  0  4  0  0  0  0  0  0]
 [ 0  0  0  0  0  0  0  0  0  5  0  0  0  0  0]
 [ 0  0  0  0  0  0  0  0  0  0  5  0  0  0  0]
 [ 0  0  0  0  0  0  0  0  0  0  0 12  0  0  0]
 [ 0  0  0  0  0  0  0  0  0  0  0  0  4  0  0]
 [ 0  0  0  0  0  0  0  0  0  0  0  0  0  2  0]
 [ 0  0  0  0  0  0  0  0  0  0  0  0  0  0  9]]";{'C': 8.555874986841385, 'class_weight': None, 'dual': False, 'max_iter': 10000, 'penalty': 'l2', 'solver': 'liblinear'};SMOTE
LogisticRegression;3;1.0;0.9949615318268068;1.0;1.0;"[[ 3  0  0  0  0  0  0  0  0  0  0  0  0  0  0]
 [ 0  9  0  0  0  0  0  0  0  0  0  0  0  0  0]
 [ 0  0  5  0  0  0  0  0  0  0  0  0  0  0  0]
 [ 0  0  0  3  0  0  0  0  0  0  0  0  0  0  0]
 [ 0  0  0  0 20  0  0  0  0  0  0  0  0  0  0]
 [ 0  0  0  0  0  2  0  0  0  0  0  0  0  0  0]
 [ 0  0  0  0  0  0  5  0  0  0  0  0  0  0  0]
 [ 0  0  0  0  0  0  0 16  0  0  0  0  0  0  0]
 [ 0  0  0  0  0  0  0  0  4  0  0  0  0  0  0]
 [ 0  0  0  0  0  0  0  0  0  5  0  0  0  0  0]
 [ 0  0  0  0  0  0  0  0  0  0  5  0  0  0  0]
 [ 0  0  0  0  0  0  0  0  0  0  0 12  0  0  0]
 [ 0  0  0  0  0  0  0  0  0  0  0  0  4  0  0]
 [ 0  0  0  0  0  0  0  0  0  0  0  0  0  2  0]
 [ 0  0  0  0  0  0  0  0  0  0  0  0  0  0  9]]";{'C': 56.2887096864801, 'class_weight': None, 'dual': False, 'max_iter': 10000, 'penalty': 'l1', 'solver': 'liblinear'};SMOTE
SVC;3;1.0;1.0;1.0;1.0;"[[ 3  0  0  0  0  0  0  0  0  0  0  0  0  0  0]
 [ 0  9  0  0  0  0  0  0  0  0  0  0  0  0  0]
 [ 0  0  5  0  0  0  0  0  0  0  0  0  0  0  0]
 [ 0  0  0  3  0  0  0  0  0  0  0  0  0  0  0]
 [ 0  0  0  0 20  0  0  0  0  0  0  0  0  0  0]
 [ 0  0  0  0  0  2  0  0  0  0  0  0  0  0  0]
 [ 0  0  0  0  0  0  5  0  0  0  0  0  0  0  0]
 [ 0  0  0  0  0  0  0 16  0  0  0  0  0  0  0]
 [ 0  0  0  0  0  0  0  0  4  0  0  0  0  0  0]
 [ 0  0  0  0  0  0  0  0  0  5  0  0  0  0  0]
 [ 0  0  0  0  0  0  0  0  0  0  5  0  0  0  0]
 [ 0  0  0  0  0  0  0  0  0  0  0 12  0  0  0]
 [ 0  0  0  0  0  0  0  0  0  0  0  0  4  0  0]
 [ 0  0  0  0  0  0  0  0  0  0  0  0  0  2  0]
 [ 0  0  0  0  0  0  0  0  0  0  0  0  0  0  9]]";{'C': 9.345595695458753, 'class_weight': None, 'decision_function_shape': 'ovr', 'kernel': 'rbf'};SMOTE
RandomForestClassifier;3;0.9903846153846154;0.9949101680379572;0.9947818263607736;0.9905143776601266;"[[ 3  0  0  0  0  0  0  0  0  0  0  0  0  0  0]
 [ 0  9  0  0  0  0  0  0  0  0  0  0  0  0  0]
 [ 0  0  5  0  0  0  0  0  0  0  0  0  0  0  0]
 [ 0  0  0  3  0  0  0  0  0  0  0  0  0  0  0]
 [ 0  0  0  0 19  0  0  0  0  0  0  0  0  0  1]
 [ 0  0  0  0  0  2  0  0  0  0  0  0  0  0  0]
 [ 0  0  0  0  0  0  5  0  0  0  0  0  0  0  0]
 [ 0  0  0  0  0  0  0 16  0  0  0  0  0  0  0]
 [ 0  0  0  0  0  0  0  0  4  0  0  0  0  0  0]
 [ 0  0  0  0  0  0  0  0  0  5  0  0  0  0  0]
 [ 0  0  0  0  0  0  0  0  0  0  5  0  0  0  0]
 [ 0  0  0  0  0  0  0  0  0  0  0 12  0  0  0]
 [ 0  0  0  0  0  0  0  0  0  0  0  0  4  0  0]
 [ 0  0  0  0  0  0  0  0  0  0  0  0  0  2  0]
 [ 0  0  0  0  0  0  0  0  0  0  0  0  0  0  9]]";{'n_estimators': 121, 'max_depth': 10, 'criterion': 'entropy', 'class_weight': None};SMOTE
LogisticRegression;4;0.970873786407767;0.9966585015237768;0.9511827956989248;0.97168806764798;"[[ 2  0  0  0  0  0  0  0  0  0  0  0  0  0  0]
 [ 0 10  0  0  0  0  0  0  0  0  0  0  0  0  0]
 [ 0  0  5  0  0  0  0  0  0  0  0  0  0  0  0]
 [ 0  0  0  3  0  0  0  0  0  0  0  0  0  0  0]
 [ 0  0  0  0 20  0  0  0  0  0  0  0  0  0  0]
 [ 0  0  0  0  0  2  0  0  0  0  0  0  0  0  0]
 [ 0  0  0  0  0  0  5  0  0  0  0  0  0  0  0]
 [ 0  0  0  0  0  1  0 15  0  0  0  0  0  0  0]
 [ 0  0  0  0  0  0  0  0  4  0  0  0  0  0  0]
 [ 0  0  0  0  0  0  0  0  0  5  0  0  0  0  0]
 [ 0  0  0  2  0  0  0  0  0  0  3  0  0  0  0]
 [ 0  0  0  0  0  0  0  0  0  0  0 12  0  0  0]
 [ 0  0  0  0  0  0  0  0  0  0  0  0  4  0  0]
 [ 0  0  0  0  0  0  0  0  0  0  0  0  0  2  0]
 [ 0  0  0  0  0  0  0  0  0  0  0  0  0  0  8]]";{'C': 61.79881352610149, 'class_weight': None, 'dual': False, 'max_iter': 10000, 'penalty': 'l2', 'solver': 'liblinear'};SMOTE
LogisticRegression;4;0.970873786407767;0.9914544651986256;0.9511827956989248;0.97168806764798;"[[ 2  0  0  0  0  0  0  0  0  0  0  0  0  0  0]
 [ 0 10  0  0  0  0  0  0  0  0  0  0  0  0  0]
 [ 0  0  5  0  0  0  0  0  0  0  0  0  0  0  0]
 [ 0  0  0  3  0  0  0  0  0  0  0  0  0  0  0]
 [ 0  0  0  0 20  0  0  0  0  0  0  0  0  0  0]
 [ 0  0  0  0  0  2  0  0  0  0  0  0  0  0  0]
 [ 0  0  0  0  0  0  5  0  0  0  0  0  0  0  0]
 [ 0  0  0  0  0  1  0 15  0  0  0  0  0  0  0]
 [ 0  0  0  0  0  0  0  0  4  0  0  0  0  0  0]
 [ 0  0  0  0  0  0  0  0  0  5  0  0  0  0  0]
 [ 0  0  0  2  0  0  0  0  0  0  3  0  0  0  0]
 [ 0  0  0  0  0  0  0  0  0  0  0 12  0  0  0]
 [ 0  0  0  0  0  0  0  0  0  0  0  0  4  0  0]
 [ 0  0  0  0  0  0  0  0  0  0  0  0  0  2  0]
 [ 0  0  0  0  0  0  0  0  0  0  0  0  0  0  8]]";{'C': 33.10327226118878, 'class_weight': None, 'dual': False, 'max_iter': 10000, 'penalty': 'l1', 'solver': 'liblinear'};SMOTE
SVC;4;0.9805825242718448;0.9983317041381558;0.9666666666666668;0.9805825242718448;"[[ 2  0  0  0  0  0  0  0  0  0  0  0  0  0  0]
 [ 0 10  0  0  0  0  0  0  0  0  0  0  0  0  0]
 [ 0  0  5  0  0  0  0  0  0  0  0  0  0  0  0]
 [ 0  0  0  3  0  0  0  0  0  0  0  0  0  0  0]
 [ 0  0  0  0 20  0  0  0  0  0  0  0  0  0  0]
 [ 0  0  0  0  0  2  0  0  0  0  0  0  0  0  0]
 [ 0  0  0  0  0  0  5  0  0  0  0  0  0  0  0]
 [ 0  0  0  0  0  0  0 16  0  0  0  0  0  0  0]
 [ 0  0  0  0  0  0  0  0  4  0  0  0  0  0  0]
 [ 0  0  0  0  0  0  0  0  0  5  0  0  0  0  0]
 [ 0  0  0  2  0  0  0  0  0  0  3  0  0  0  0]
 [ 0  0  0  0  0  0  0  0  0  0  0 12  0  0  0]
 [ 0  0  0  0  0  0  0  0  0  0  0  0  4  0  0]
 [ 0  0  0  0  0  0  0  0  0  0  0  0  0  2  0]
 [ 0  0  0  0  0  0  0  0  0  0  0  0  0  0  8]]";{'C': 7.721013668282715, 'class_weight': None, 'decision_function_shape': 'ovr', 'kernel': 'rbf'};SMOTE
RandomForestClassifier;4;0.970873786407767;0.9890549014312456;0.9511827956989248;0.97168806764798;"[[ 2  0  0  0  0  0  0  0  0  0  0  0  0  0  0]
 [ 0 10  0  0  0  0  0  0  0  0  0  0  0  0  0]
 [ 0  0  5  0  0  0  0  0  0  0  0  0  0  0  0]
 [ 0  0  0  3  0  0  0  0  0  0  0  0  0  0  0]
 [ 0  0  0  0 20  0  0  0  0  0  0  0  0  0  0]
 [ 0  0  0  0  0  2  0  0  0  0  0  0  0  0  0]
 [ 0  0  0  0  0  0  5  0  0  0  0  0  0  0  0]
 [ 0  0  0  0  0  1  0 15  0  0  0  0  0  0  0]
 [ 0  0  0  0  0  0  0  0  4  0  0  0  0  0  0]
 [ 0  0  0  0  0  0  0  0  0  5  0  0  0  0  0]
 [ 0  0  0  2  0  0  0  0  0  0  3  0  0  0  0]
 [ 0  0  0  0  0  0  0  0  0  0  0 12  0  0  0]
 [ 0  0  0  0  0  0  0  0  0  0  0  0  4  0  0]
 [ 0  0  0  0  0  0  0  0  0  0  0  0  0  2  0]
 [ 0  0  0  0  0  0  0  0  0  0  0  0  0  0  8]]";{'n_estimators': 190, 'max_depth': 10, 'criterion': 'entropy', 'class_weight': None};SMOTE
LogisticRegression;5;0.9902912621359224;0.9949902056619324;0.9960751331651247;0.990242269346028;"[[ 2  0  0  0  0  0  0  0  0  0  0  0  0  0  0]
 [ 0 10  0  0  0  0  0  0  0  0  0  0  0  0  0]
 [ 0  0  5  0  0  0  0  0  0  0  0  0  0  0  0]
 [ 0  0  0  3  0  0  0  0  0  0  0  0  0  0  0]
 [ 0  0  0  0 20  0  0  0  0  0  0  0  0  0  0]
 [ 0  0  0  0  0  2  0  0  0  0  0  0  0  0  0]
 [ 0  0  0  0  0  0  5  0  0  0  0  0  0  0  0]
 [ 0  0  0  0  1  0  0 14  0  0  0  0  0  0  0]
 [ 0  0  0  0  0  0  0  0  5  0  0  0  0  0  0]
 [ 0  0  0  0  0  0  0  0  0  5  0  0  0  0  0]
 [ 0  0  0  0  0  0  0  0  0  0  5  0  0  0  0]
 [ 0  0  0  0  0  0  0  0  0  0  0 12  0  0  0]
 [ 0  0  0  0  0  0  0  0  0  0  0  0  4  0  0]
 [ 0  0  0  0  0  0  0  0  0  0  0  0  0  2  0]
 [ 0  0  0  0  0  0  0  0  0  0  0  0  0  0  8]]";{'C': 28.429633622966143, 'class_weight': None, 'dual': False, 'max_iter': 10000, 'penalty': 'l2', 'solver': 'liblinear'};SMOTE
LogisticRegression;5;0.9902912621359224;0.9897621393924476;0.9960751331651247;0.990242269346028;"[[ 2  0  0  0  0  0  0  0  0  0  0  0  0  0  0]
 [ 0 10  0  0  0  0  0  0  0  0  0  0  0  0  0]
 [ 0  0  5  0  0  0  0  0  0  0  0  0  0  0  0]
 [ 0  0  0  3  0  0  0  0  0  0  0  0  0  0  0]
 [ 0  0  0  0 20  0  0  0  0  0  0  0  0  0  0]
 [ 0  0  0  0  0  2  0  0  0  0  0  0  0  0  0]
 [ 0  0  0  0  0  0  5  0  0  0  0  0  0  0  0]
 [ 0  0  0  0  1  0  0 14  0  0  0  0  0  0  0]
 [ 0  0  0  0  0  0  0  0  5  0  0  0  0  0  0]
 [ 0  0  0  0  0  0  0  0  0  5  0  0  0  0  0]
 [ 0  0  0  0  0  0  0  0  0  0  5  0  0  0  0]
 [ 0  0  0  0  0  0  0  0  0  0  0 12  0  0  0]
 [ 0  0  0  0  0  0  0  0  0  0  0  0  4  0  0]
 [ 0  0  0  0  0  0  0  0  0  0  0  0  0  2  0]
 [ 0  0  0  0  0  0  0  0  0  0  0  0  0  0  8]]";{'C': 70.59138755458308, 'class_weight': None, 'dual': False, 'max_iter': 10000, 'penalty': 'l1', 'solver': 'liblinear'};SMOTE
SVC;5;0.9805825242718448;0.9966634082763116;0.9871191388432768;0.9803380787645936;"[[ 2  0  0  0  0  0  0  0  0  0  0  0  0  0  0]
 [ 0 10  0  0  0  0  0  0  0  0  0  0  0  0  0]
 [ 0  0  5  0  0  0  0  0  0  0  0  0  0  0  0]
 [ 0  0  0  3  0  0  0  0  0  0  0  0  0  0  0]
 [ 0  0  0  0 20  0  0  0  0  0  0  0  0  0  0]
 [ 0  0  0  0  0  2  0  0  0  0  0  0  0  0  0]
 [ 0  0  0  0  0  0  5  0  0  0  0  0  0  0  0]
 [ 0  0  0  0  1  0  0 14  0  0  0  0  0  0  0]
 [ 0  0  0  0  1  0  0  0  4  0  0  0  0  0  0]
 [ 0  0  0  0  0  0  0  0  0  5  0  0  0  0  0]
 [ 0  0  0  0  0  0  0  0  0  0  5  0  0  0  0]
 [ 0  0  0  0  0  0  0  0  0  0  0 12  0  0  0]
 [ 0  0  0  0  0  0  0  0  0  0  0  0  4  0  0]
 [ 0  0  0  0  0  0  0  0  0  0  0  0  0  2  0]
 [ 0  0  0  0  0  0  0  0  0  0  0  0  0  0  8]]";{'C': 6.236709006130495, 'class_weight': None, 'decision_function_shape': 'ovr', 'kernel': 'rbf'};SMOTE
RandomForestClassifier;5;0.9514563106796117;0.985482340864877;0.9353968253968254;0.9526814609338883;"[[ 2  0  0  0  0  0  0  0  0  0  0  0  0  0  0]
 [ 0 10  0  0  0  0  0  0  0  0  0  0  0  0  0]
 [ 0  0  5  0  0  0  0  0  0  0  0  0  0  0  0]
 [ 0  0  0  3  0  0  0  0  0  0  0  0  0  0  0]
 [ 0  0  0  0 20  0  0  0  0  0  0  0  0  0  0]
 [ 0  0  0  0  0  2  0  0  0  0  0  0  0  0  0]
 [ 0  0  0  0  0  0  5  0  0  0  0  0  0  0  0]
 [ 0  0  0  0  2  0  0 13  0  0  0  0  0  0  0]
 [ 2  0  0  0  0  0  0  0  3  0  0  0  0  0  0]
 [ 0  0  0  0  0  0  0  0  0  5  0  0  0  0  0]
 [ 0  0  0  0  0  0  0  0  0  0  5  0  0  0  0]
 [ 0  0  0  0  0  0  0  0  0  0  0 12  0  0  0]
 [ 0  0  0  0  0  0  0  0  0  0  0  0  4  0  0]
 [ 0  0  0  0  0  0  0  0  0  0  0  0  0  2  0]
 [ 0  0  0  0  0  0  0  0  0  0  0  0  0  1  7]]";{'n_estimators': 123, 'max_depth': 15, 'criterion': 'entropy', 'class_weight': None};SMOTE
